Workbook

Sheet Тема урока
A32: 1
A66: 1
A99: 1

Sheet Выполнить
F2: id_cmpgn | G2: partners | H2: транзакции | I2: groups | AY2: id_cmpgn | BA2: partners | BC2: транзакции | BD2: group
F3: 615eaaebbc6c | G3: =VLOOKUP(VLOOKUP($F3,Отчет!$F$4:$K$603,2,FALSE),Партнеры!$F$4:$G$53,2,FALSE) -> FinTech Hub | H3: =VLOOKUP($F3,Отчет!$F$4:$K$603,6,FALSE) -> 2518 | I3: =HLOOKUP($H3,Отчет!$N$3:$R$4,2,TRUE) -> 2,5к и более | AY3: 615eaaebbc6c | AZ3: =VLOOKUP(AY3,Отчет!$F:$G,2,0) -> prtr9jqee | BA3: =VLOOKUP(VLOOKUP(AY3,Отчет!$F:$G,2,0),Партнеры!$F:$G,2,0) -> FinTech Hub | BB3: =VLOOKUP(AZ3,Партнеры!$F:$G,2,0) -> FinTech Hub | BC3: =VLOOKUP(AY3,Отчет!$F:$K,6,0) -> 2518 | BD3: =HLOOKUP(BC3,Отчет!$N$3:$R$4,2,1) -> 2,5к и более
F4: 94e0f0bda838 | G4: =VLOOKUP(VLOOKUP($F4,Отчет!$F$4:$K$603,2,FALSE),Партнеры!$F$4:$G$53,2,FALSE) -> SmartCommerce Lab | H4: =VLOOKUP($F4,Отчет!$F$4:$K$603,6,FALSE) -> 1216 | I4: =HLOOKUP($H4,Отчет!$N$3:$R$4,2,TRUE) -> 1-1,5к | AY4: 94e0f0bda838 | AZ4: =VLOOKUP(AY4,Отчет!$F:$G,2,0) -> prtrcbe4z | BA4: =VLOOKUP(VLOOKUP(AY4,Отчет!$F:$G,2,0),Партнеры!$F:$G,2,0) -> SmartCommerce Lab | BB4: =VLOOKUP(AZ4,Партнеры!$F:$G,2,0) -> SmartCommerce Lab | BC4: =VLOOKUP(AY4,Отчет!$F:$K,6,0) -> 1216 | BD4: =HLOOKUP(BC4,Отчет!$N$3:$R$4,2,1) -> 1-1,5к
F5: 5c326aa4ed36 | G5: =VLOOKUP(VLOOKUP($F5,Отчет!$F$4:$K$603,2,FALSE),Партнеры!$F$4:$G$53,2,FALSE) -> EcomConnect Partners (ECP) | H5: =VLOOKUP($F5,Отчет!$F$4:$K$603,6,FALSE) -> 2908 | I5: =HLOOKUP($H5,Отчет!$N$3:$R$4,2,TRUE) -> 2,5к и более | AY5: 5c326aa4ed36 | AZ5: =VLOOKUP(AY5,Отчет!$F:$G,2,0) -> prtru0tfb | BA5: =VLOOKUP(VLOOKUP(AY5,Отчет!$F:$G,2,0),Партнеры!$F:$G,2,0) -> EcomConnect Partners (ECP) | BB5: =VLOOKUP(AZ5,Партнеры!$F:$G,2,0) -> EcomConnect Partners (ECP) | BC5: =VLOOKUP(AY5,Отчет!$F:$K,6,0) -> 2908 | BD5: =HLOOKUP(BC5,Отчет!$N$3:$R$4,2,1) -> 2,5к и более
F6: 48c493b28756 | G6: =VLOOKUP(VLOOKUP($F6,Отчет!$F$4:$K$603,2,FALSE),Партнеры!$F$4:$G$53,2,FALSE) -> Evolve Commerce | H6: =VLOOKUP($F6,Отчет!$F$4:$K$603,6,FALSE) -> 174 | I6: =HLOOKUP($H6,Отчет!$N$3:$R$4,2,TRUE) -> 0-500 | AY6: 48c493b28756 | AZ6: =VLOOKUP(AY6,Отчет!$F:$G,2,0) -> prtrx3a6r | BA6: =VLOOKUP(VLOOKUP(AY6,Отчет!$F:$G,2,0),Партнеры!$F:$G,2,0) -> Evolve Commerce | BB6: =VLOOKUP(AZ6,Партнеры!$F:$G,2,0) -> Evolve Commerce | BC6: =VLOOKUP(AY6,Отчет!$F:$K,6,0) -> 174 | BD6: =HLOOKUP(BC6,Отчет!$N$3:$R$4,2,1) -> 0-500
F7: 56f173290545 | G7: =VLOOKUP(VLOOKUP($F7,Отчет!$F$4:$K$603,2,FALSE),Партнеры!$F$4:$G$53,2,FALSE) -> TechFin Studio | H7: =VLOOKUP($F7,Отчет!$F$4:$K$603,6,FALSE) -> 29 | I7: =HLOOKUP($H7,Отчет!$N$3:$R$4,2,TRUE) -> 0-500 | AY7: 56f173290545 | AZ7: =VLOOKUP(AY7,Отчет!$F:$G,2,0) -> prtrxih4w | BA7: =VLOOKUP(VLOOKUP(AY7,Отчет!$F:$G,2,0),Партнеры!$F:$G,2,0) -> TechFin Studio | BB7: =VLOOKUP(AZ7,Партнеры!$F:$G,2,0) -> TechFin Studio | BC7: =VLOOKUP(AY7,Отчет!$F:$K,6,0) -> 29 | BD7: =HLOOKUP(BC7,Отчет!$N$3:$R$4,2,1) -> 0-500
F8: 94558eb1b0c3 | G8: =VLOOKUP(VLOOKUP($F8,Отчет!$F$4:$K$603,2,FALSE),Партнеры!$F$4:$G$53,2,FALSE) -> FinFlow Technologies | H8: =VLOOKUP($F8,Отчет!$F$4:$K$603,6,FALSE) -> 1526 | I8: =HLOOKUP($H8,Отчет!$N$3:$R$4,2,TRUE) -> 1,5-2,5к | AY8: 94558eb1b0c3 | AZ8: =VLOOKUP(AY8,Отчет!$F:$G,2,0) -> prtrbmh6t | BA8: =VLOOKUP(VLOOKUP(AY8,Отчет!$F:$G,2,0),Партнеры!$F:$G,2,0) -> FinFlow Technologies | BB8: =VLOOKUP(AZ8,Партнеры!$F:$G,2,0) -> FinFlow Technologies | BC8: =VLOOKUP(AY8,Отчет!$F:$K,6,0) -> 1526 | BD8: =HLOOKUP(BC8,Отчет!$N$3:$R$4,2,1) -> 1,5-2,5к
F9: 82f74e867bba | G9: =VLOOKUP(VLOOKUP($F9,Отчет!$F$4:$K$603,2,FALSE),Партнеры!$F$4:$G$53,2,FALSE) -> EcomConnect Partners (ECP) | H9: =VLOOKUP($F9,Отчет!$F$4:$K$603,6,FALSE) -> 2749 | I9: =HLOOKUP($H9,Отчет!$N$3:$R$4,2,TRUE) -> 2,5к и более | AY9: 82f74e867bba | AZ9: =VLOOKUP(AY9,Отчет!$F:$G,2,0) -> prtru0tfb | BA9: =VLOOKUP(VLOOKUP(AY9,Отчет!$F:$G,2,0),Партнеры!$F:$G,2,0) -> EcomConnect Partners (ECP) | BB9: =VLOOKUP(AZ9,Партнеры!$F:$G,2,0) -> EcomConnect Partners (ECP) | BC9: =VLOOKUP(AY9,Отчет!$F:$K,6,0) -> 2749 | BD9: =HLOOKUP(BC9,Отчет!$N$3:$R$4,2,1) -> 2,5к и более
F10: b68cbb85a342 | G10: =VLOOKUP(VLOOKUP($F10,Отчет!$F$4:$K$603,2,FALSE),Партнеры!$F$4:$G$53,2,FALSE) -> EcomTrail Partners | H10: =VLOOKUP($F10,Отчет!$F$4:$K$603,6,FALSE) -> 2161 | I10: =HLOOKUP($H10,Отчет!$N$3:$R$4,2,TRUE) -> 1,5-2,5к | AY10: b68cbb85a342 | AZ10: =VLOOKUP(AY10,Отчет!$F:$G,2,0) -> prtr00z3s | BA10: =VLOOKUP(VLOOKUP(AY10,Отчет!$F:$G,2,0),Партнеры!$F:$G,2,0) -> EcomTrail Partners | BB10: =VLOOKUP(AZ10,Партнеры!$F:$G,2,0) -> EcomTrail Partners | BC10: =VLOOKUP(AY10,Отчет!$F:$K,6,0) -> 2161 | BD10: =HLOOKUP(BC10,Отчет!$N$3:$R$4,2,1) -> 1,5-2,5к
F11: 078d4fa15ab6 | G11: =VLOOKUP(VLOOKUP($F11,Отчет!$F$4:$K$603,2,FALSE),Партнеры!$F$4:$G$53,2,FALSE) -> FinTech Hub | H11: =VLOOKUP($F11,Отчет!$F$4:$K$603,6,FALSE) -> 2316 | I11: =HLOOKUP($H11,Отчет!$N$3:$R$4,2,TRUE) -> 1,5-2,5к | AY11: 078d4fa15ab6 | AZ11: =VLOOKUP(AY11,Отчет!$F:$G,2,0) -> prtr9jqee | BA11: =VLOOKUP(VLOOKUP(AY11,Отчет!$F:$G,2,0),Партнеры!$F:$G,2,0) -> FinTech Hub | BB11: =VLOOKUP(AZ11,Партнеры!$F:$G,2,0) -> FinTech Hub | BC11: =VLOOKUP(AY11,Отчет!$F:$K,6,0) -> 2316 | BD11: =HLOOKUP(BC11,Отчет!$N$3:$R$4,2,1) -> 1,5-2,5к
F12: 0c17bea25098 | G12: =VLOOKUP(VLOOKUP($F12,Отчет!$F$4:$K$603,2,FALSE),Партнеры!$F$4:$G$53,2,FALSE) -> SmartCommerce Lab | H12: =VLOOKUP($F12,Отчет!$F$4:$K$603,6,FALSE) -> 1834 | I12: =HLOOKUP($H12,Отчет!$N$3:$R$4,2,TRUE) -> 1,5-2,5к | AY12: 0c17bea25098 | AZ12: =VLOOKUP(AY12,Отчет!$F:$G,2,0) -> prtrcbe4z | BA12: =VLOOKUP(VLOOKUP(AY12,Отчет!$F:$G,2,0),Партнеры!$F:$G,2,0) -> SmartCommerce Lab | BB12: =VLOOKUP(AZ12,Партнеры!$F:$G,2,0) -> SmartCommerce Lab | BC12: =VLOOKUP(AY12,Отчет!$F:$K,6,0) -> 1834 | BD12: =HLOOKUP(BC12,Отчет!$N$3:$R$4,2,1) -> 1,5-2,5к
F13: 7343e3387885 | G13: =VLOOKUP(VLOOKUP($F13,Отчет!$F$4:$K$603,2,FALSE),Партнеры!$F$4:$G$53,2,FALSE) -> Marketology Experts (MEX) | H13: =VLOOKUP($F13,Отчет!$F$4:$K$603,6,FALSE) -> 3544 | I13: =HLOOKUP($H13,Отчет!$N$3:$R$4,2,TRUE) -> 2,5к и более | AY13: 7343e3387885 | AZ13: =VLOOKUP(AY13,Отчет!$F:$G,2,0) -> prtrjzevz | BA13: =VLOOKUP(VLOOKUP(AY13,Отчет!$F:$G,2,0),Партнеры!$F:$G,2,0) -> Marketology Experts (MEX) | BB13: =VLOOKUP(AZ13,Партнеры!$F:$G,2,0) -> Marketology Experts (MEX) | BC13: =VLOOKUP(AY13,Отчет!$F:$K,6,0) -> 3544 | BD13: =HLOOKUP(BC13,Отчет!$N$3:$R$4,2,1) -> 2,5к и более
F14: 4db79e788509 | G14: =VLOOKUP(VLOOKUP($F14,Отчет!$F$4:$K$603,2,FALSE),Партнеры!$F$4:$G$53,2,FALSE) -> EcomConnect Partners (ECP) | H14: =VLOOKUP($F14,Отчет!$F$4:$K$603,6,FALSE) -> 501 | I14: =HLOOKUP($H14,Отчет!$N$3:$R$4,2,TRUE) -> 500-1к | AY14: 4db79e788509 | AZ14: =VLOOKUP(AY14,Отчет!$F:$G,2,0) -> prtru0tfb | BA14: =VLOOKUP(VLOOKUP(AY14,Отчет!$F:$G,2,0),Партнеры!$F:$G,2,0) -> EcomConnect Partners (ECP) | BB14: =VLOOKUP(AZ14,Партнеры!$F:$G,2,0) -> EcomConnect Partners (ECP) | BC14: =VLOOKUP(AY14,Отчет!$F:$K,6,0) -> 501 | BD14: =HLOOKUP(BC14,Отчет!$N$3:$R$4,2,1) -> 500-1к
... F32: 50904ff0ee30 | G32: =VLOOKUP(VLOOKUP($F32,Отчет!$F$4:$K$603,2,FALSE),Партнеры!$F$4:$G$53,2,FALSE) -> FinGo Analytics | H32: =VLOOKUP($F32,Отчет!$F$4:$K$603,6,FALSE) -> 2154 | I32: =HLOOKUP($H32,Отчет!$N$3:$R$4,2,TRUE) -> 1,5-2,5к | AY32: 50904ff0ee30 | AZ32: =VLOOKUP(AY32,Отчет!$F:$G,2,0) -> prtrsyyx1 | BA32: =VLOOKUP(VLOOKUP(AY32,Отчет!$F:$G,2,0),Партнеры!$F:$G,2,0) -> FinGo Analytics | BB32: =VLOOKUP(AZ32,Партнеры!$F:$G,2,0) -> FinGo Analytics | BC32: =VLOOKUP(AY32,Отчет!$F:$K,6,0) -> 2154 | BD32: =HLOOKUP(BC32,Отчет!$N$3:$R$4,2,1) -> 1,5-2,5к

Sheet Партнеры
F3: id | G3: partners
F4: prtrjg8mf | G4: EcomMark Solutions
F5: prtr9jqee | G5: FinTech Hub
F6: prtr5veu2 | G6: Marketplace Boosters
F7: prtrczb25 | G7: EcomFlow Agency
F8: prtrmec8l | G8: FinGrow Analytics
F9: prtrjzevz | G9: Marketology Experts (MEX)
F10: prtrw46hw | G10: SmartPay Systems (SPS)
F11: prtrx3a6r | G11: Evolve Commerce
F12: prtr2fs62 | G12: DataFin Marketers (DFM)
F13: prtrvgnnm | G13: EcomTech Ventures
F14: prtrpfaf0 | G14: MarketUp Pro
... F53: prtr4p7x8 | G53: PayWave Solutions

Sheet Отчет
F3: id_cmpgn | G3: id_prtr | H3: месяц | I3: просмотры | J3: клики | K3: транзакции | M3: Counts | N3: 0 | O3: 501 | P3: 1001 | Q3: 1501 | R3: 2501 | AW3: id_cmpgn | AX3: partners | AY3: транзакции | AZ3: groups | BB3: id | BC3: partners | BF3: id_cmpgn | BG3: месяц | BH3: просмотры | BI3: клики | BJ3: id_prtr | BK3: транзакции | BS3: id_prtr | BT3: просмотры | BU3: клики | BV3: транзакции
E4: 1 | F4: 7536deca309a | G4: prtrjg8mf | H4: Январь | I4: 148483 | J4: 33258 | K4: 2834 | M4: Groups | N4: 0-500 | O4: 500-1к | P4: 1-1,5к | Q4: 1,5-2,5к | R4: 2,5к и более | AW4: 615eaaebbc6c | AX4: =VLOOKUP(VLOOKUP(AW4,CHOOSE({1,2},BF:BF,BJ:BJ),2,0),BB:BC,2,0) -> FinTech Hub | BB4: prtrjg8mf | BC4: EcomMark Solutions | BE4: 1 | BF4: 7536deca309a | BG4: Январь | BH4: 148483 | BI4: 33258 | BJ4: prtrjg8mf | BK4: 2834 | BR4: 1 | BS4: prtrjg8mf | BT4: 148483 | BU4: 33258 | BV4: 2834 | BW4: =IF(BS4=$CA$12,COUNTIF($BS$4:BS4,$CA$12),"")
E5: 2 | F5: d1aaa9bf0482 | G5: prtrjg8mf | H5: Февраль | I5: 38241 | J5: 8823 | K5: 813 | AW5: 94e0f0bda838 | AX5: =VLOOKUP(VLOOKUP(AW5,CHOOSE({1,2},BF:BF,BJ:BJ),2,0),BB:BC,2,0) -> SmartCommerce Lab | BB5: prtr9jqee | BC5: FinTech Hub | BE5: 2 | BF5: d1aaa9bf0482 | BG5: Февраль | BH5: 38241 | BI5: 8823 | BJ5: prtrjg8mf | BK5: 813 | BR5: 2 | BS5: prtrjg8mf | BT5: 38241 | BU5: 8823 | BV5: 813 | BW5: =IF(BS5=$CA$12,COUNTIF($BS$4:BS5,$CA$12),"")
E6: 3 | F6: 96afc95efd12 | G6: prtrjg8mf | H6: Март | I6: 54157 | J6: 11297 | K6: 711 | AW6: 5c326aa4ed36 | AX6: =VLOOKUP(VLOOKUP(AW6,CHOOSE({1,2},BF:BF,BJ:BJ),2,0),BB:BC,2,0) -> EcomConnect Partners (ECP) | BB6: prtr5veu2 | BC6: Marketplace Boosters | BE6: 3 | BF6: 96afc95efd12 | BG6: Март | BH6: 54157 | BI6: 11297 | BJ6: prtrjg8mf | BK6: 711 | BR6: 3 | BS6: prtrjg8mf | BT6: 54157 | BU6: 11297 | BV6: 711 | BW6: =IF(BS6=$CA$12,COUNTIF($BS$4:BS6,$CA$12),"")
E7: 4 | F7: e9833306f49b | G7: prtrjg8mf | H7: Апрель | I7: 22200 | J7: 6717 | K7: 392 | AW7: 48c493b28756 | AX7: =VLOOKUP(VLOOKUP(AW7,CHOOSE({1,2},BF:BF,BJ:BJ),2,0),BB:BC,2,0) -> Evolve Commerce | BB7: prtrczb25 | BC7: EcomFlow Agency | BE7: 4 | BF7: e9833306f49b | BG7: Апрель | BH7: 22200 | BI7: 6717 | BJ7: prtrjg8mf | BK7: 392 | BR7: 4 | BS7: prtrjg8mf | BT7: 22200 | BU7: 6717 | BV7: 392 | BW7: =IF(BS7=$CA$12,COUNTIF($BS$4:BS7,$CA$12),"")
E8: 5 | F8: f3df42649379 | G8: prtrjg8mf | H8: Май | I8: 138053 | J8: 53787 | K8: 2795 | AW8: 56f173290545 | AX8: =VLOOKUP(VLOOKUP(AW8,CHOOSE({1,2},BF:BF,BJ:BJ),2,0),BB:BC,2,0) -> TechFin Studio | BB8: prtrmec8l | BC8: FinGrow Analytics | BE8: 5 | BF8: f3df42649379 | BG8: Май | BH8: 138053 | BI8: 53787 | BJ8: prtrjg8mf | BK8: 2795 | BR8: 5 | BS8: prtrjg8mf | BT8: 138053 | BU8: 53787 | BV8: 2795 | BW8: =IF(BS8=$CA$12,COUNTIF($BS$4:BS8,$CA$12),"")
E9: 6 | F9: fea36b22c7f4 | G9: prtrjg8mf | H9: Июнь | I9: 47567 | J9: 18717 | K9: 1418 | AW9: 94558eb1b0c3 | AX9: =VLOOKUP(VLOOKUP(AW9,CHOOSE({1,2},BF:BF,BJ:BJ),2,0),BB:BC,2,0) -> FinFlow Technologies | BB9: prtrjzevz | BC9: Marketology Experts (MEX) | BE9: 6 | BF9: fea36b22c7f4 | BG9: Июнь | BH9: 47567 | BI9: 18717 | BJ9: prtrjg8mf | BK9: 1418 | BR9: 6 | BS9: prtrjg8mf | BT9: 47567 | BU9: 18717 | BV9: 1418 | BW9: =IF(BS9=$CA$12,COUNTIF($BS$4:BS9,$CA$12),"")
E10: 7 | F10: 39fe9812bfb2 | G10: prtrjg8mf | H10: Июль | I10: 110416 | J10: 33701 | K10: 3266 | AW10: 82f74e867bba | AX10: =VLOOKUP(VLOOKUP(AW10,CHOOSE({1,2},BF:BF,BJ:BJ),2,0),BB:BC,2,0) -> EcomConnect Partners (ECP) | BB10: prtrw46hw | BC10: SmartPay Systems (SPS) | BE10: 7 | BF10: 39fe9812bfb2 | BG10: Июль | BH10: 110416 | BI10: 33701 | BJ10: prtrjg8mf | BK10: 3266 | BR10: 7 | BS10: prtrjg8mf | BT10: 110416 | BU10: 33701 | BV10: 3266 | BW10: =IF(BS10=$CA$12,COUNTIF($BS$4:BS10,$CA$12),"")
E11: 8 | F11: 26b9f2986f37 | G11: prtrjg8mf | H11: Август | I11: 129454 | J11: 30877 | K11: 1029 | AW11: b68cbb85a342 | AX11: =VLOOKUP(VLOOKUP(AW11,CHOOSE({1,2},BF:BF,BJ:BJ),2,0),BB:BC,2,0) -> EcomTrail Partners | BB11: prtrx3a6r | BC11: Evolve Commerce | BE11: 8 | BF11: 26b9f2986f37 | BG11: Август | BH11: 129454 | BI11: 30877 | BJ11: prtrjg8mf | BK11: 1029 | BR11: 8 | BS11: prtrjg8mf | BT11: 129454 | BU11: 30877 | BV11: 1029 | BW11: =IF(BS11=$CA$12,COUNTIF($BS$4:BS11,$CA$12),"") | CA11: prtrjg8mf | CB11: =VLOOKUP(CA11,BS:BV,4,0) -> 2834 | CC11: =INDEX(BV:BV,MATCH(CA11,BS:BS,0)) -> 2834 | CD11: =INDEX(BV:BV,MATCH(5,BW:BW,0)) -> 256 | CE11: {=INDEX(_xlfn._xlws.FILTER(BV:BV,BS:BS=CA11),5)} -> 2795
E12: 9 | F12: 7cfcb4c3115e | G12: prtrjg8mf | H12: Сентябрь | I12: 109685 | J12: 40483 | K12: 3520 | AW12: 078d4fa15ab6 | AX12: =VLOOKUP(VLOOKUP(AW12,CHOOSE({1,2},BF:BF,BJ:BJ),2,0),BB:BC,2,0) -> FinTech Hub | BB12: prtr2fs62 | BC12: DataFin Marketers (DFM) | BE12: 9 | BF12: 7cfcb4c3115e | BG12: Сентябрь | BH12: 109685 | BI12: 40483 | BJ12: prtrjg8mf | BK12: 3520 | BR12: 9 | BS12: prtrjg8mf | BT12: 109685 | BU12: 40483 | BV12: 3520 | BW12: =IF(BS12=$CA$12,COUNTIF($BS$4:BS12,$CA$12),"") | CA12: prtr9jqee | CB12: =VLOOKUP(CA12,BS:BV,4,0) -> 2518 | CC12: =INDEX(BV:BV,MATCH(CA12,BS:BS,0)) -> 2518 | CD12: =INDEX(BV:BV,MATCH(5,BW:BW,0)) -> 256 | CE12: {=INDEX(_xlfn._xlws.FILTER(BV:BV,BS:BS=CA12),5)} -> 256
E13: 10 | F13: 81e231fccb15 | G13: prtrjg8mf | H13: Октябрь | I13: 134341 | J13: 44339 | K13: 1025 | AW13: 0c17bea25098 | AX13: =VLOOKUP(VLOOKUP(AW13,CHOOSE({1,2},BF:BF,BJ:BJ),2,0),BB:BC,2,0) -> SmartCommerce Lab | BB13: prtrvgnnm | BC13: EcomTech Ventures | BE13: 10 | BF13: 81e231fccb15 | BG13: Октябрь | BH13: 134341 | BI13: 44339 | BJ13: prtrjg8mf | BK13: 1025 | BR13: 10 | BS13: prtrjg8mf | BT13: 134341 | BU13: 44339 | BV13: 1025 | BW13: =IF(BS13=$CA$12,COUNTIF($BS$4:BS13,$CA$12),"")
E14: 11 | F14: 44026375c796 | G14: prtrjg8mf | H14: Ноябрь | I14: 18425 | J14: 4724 | K14: 36 | AW14: 7343e3387885 | AX14: =VLOOKUP(VLOOKUP(AW14,CHOOSE({1,2},BF:BF,BJ:BJ),2,0),BB:BC,2,0) -> Marketology Experts (MEX) | BB14: prtrpfaf0 | BC14: MarketUp Pro | BE14: 11 | BF14: 44026375c796 | BG14: Ноябрь | BH14: 18425 | BI14: 4724 | BJ14: prtrjg8mf | BK14: 36 | BR14: 11 | BS14: prtrjg8mf | BT14: 18425 | BU14: 4724 | BV14: 36 | BW14: =IF(BS14=$CA$12,COUNTIF($BS$4:BS14,$CA$12),"")
E15: 12 | F15: 5fe6b74bb508 | G15: prtrjg8mf | H15: Декабрь | I15: 142027 | J15: 42175 | K15: 2193 | AW15: 4db79e788509 | AX15: =VLOOKUP(VLOOKUP(AW15,CHOOSE({1,2},BF:BF,BJ:BJ),2,0),BB:BC,2,0) -> EcomConnect Partners (ECP) | BB15: prtr99kmo | BC15: FinEdge Solutions (FES) | BE15: 12 | BF15: 5fe6b74bb508 | BG15: Декабрь | BH15: 142027 | BI15: 42175 | BJ15: prtrjg8mf | BK15: 2193 | BR15: 12 | BS15: prtrjg8mf | BT15: 142027 | BU15: 42175 | BV15: 2193 | BW15: =IF(BS15=$CA$12,COUNTIF($BS$4:BS15,$CA$12),"")
E16: 13 | F16: 615eaaebbc6c | G16: prtr9jqee | H16: Январь | I16: 110170 | J16: 36391 | K16: 2518 | AW16: f04634dcea1e | AX16: =VLOOKUP(VLOOKUP(AW16,CHOOSE({1,2},BF:BF,BJ:BJ),2,0),BB:BC,2,0) -> PrimeMarketplace | BB16: prtri0a5u | BC16: OmniBoost Commerce | BE16: 13 | BF16: 615eaaebbc6c | BG16: Январь | BH16: 110170 | BI16: 36391 | BJ16: prtr9jqee | BK16: 2518 | BR16: 13 | BS16: prtr9jqee | BT16: 110170 | BU16: 36391 | BV16: 2518 | BW16: =IF(BS16=$CA$12,COUNTIF($BS$4:BS16,$CA$12),"") -> 1
E17: 14 | F17: ff9070b12c6f | G17: prtr9jqee | H17: Февраль | I17: 98498 | J17: 33414 | K17: 1572 | AW17: 315690f55c1c | AX17: =VLOOKUP(VLOOKUP(AW17,CHOOSE({1,2},BF:BF,BJ:BJ),2,0),BB:BC,2,0) -> Marketplace Synergy | BB17: prtrijxhk | BC17: PayFlex Systems (PFS) | BE17: 14 | BF17: ff9070b12c6f | BG17: Февраль | BH17: 98498 | BI17: 33414 | BJ17: prtr9jqee | BK17: 1572 | BR17: 14 | BS17: prtr9jqee | BT17: 98498 | BU17: 33414 | BV17: 1572 | BW17: =IF(BS17=$CA$12,COUNTIF($BS$4:BS17,$CA$12),"") -> 2
E18: 15 | F18: b27746d730de | G18: prtr9jqee | H18: Март | I18: 86199 | J18: 26042 | K18: 70 | AW18: 15791816d56e | AX18: =VLOOKUP(VLOOKUP(AW18,CHOOSE({1,2},BF:BF,BJ:BJ),2,0),BB:BC,2,0) -> SmartCommerce Lab | BB18: prtru1gpg | BC18: NextGen Marketplace | BE18: 15 | BF18: b27746d730de | BG18: Март | BH18: 86199 | BI18: 26042 | BJ18: prtr9jqee | BK18: 70 | BR18: 15 | BS18: prtr9jqee | BT18: 86199 | BU18: 26042 | BV18: 70 | BW18: =IF(BS18=$CA$12,COUNTIF($BS$4:BS18,$CA$12),"") -> 3
E19: 16 | F19: 078d4fa15ab6 | G19: prtr9jqee | H19: Апрель | I19: 131527 | J19: 40252 | K19: 2316 | AW19: d870d66ed71d | AX19: =VLOOKUP(VLOOKUP(AW19,CHOOSE({1,2},BF:BF,BJ:BJ),2,0),BB:BC,2,0) -> FinOptim Strategies | BB19: prtr7q54o | BC19: FinOptim Strategies | BE19: 16 | BF19: 078d4fa15ab6 | BG19: Апрель | BH19: 131527 | BI19: 40252 | BJ19: prtr9jqee | BK19: 2316 | BR19: 16 | BS19: prtr9jqee | BT19: 131527 | BU19: 40252 | BV19: 2316 | BW19: =IF(BS19=$CA$12,COUNTIF($BS$4:BS19,$CA$12),"") -> 4
E20: 17 | F20: 8814b359d5d8 | G20: prtr9jqee | H20: Май | I20: 13856 | J20: 5067 | K20: 256 | AW20: 66ff1cc19d1b | AX20: =VLOOKUP(VLOOKUP(AW20,CHOOSE({1,2},BF:BF,BJ:BJ),2,0),BB:BC,2,0) -> FinScale Strategies | BB20: prtrbndgy | BC20: EcomSync Studio (ESS) | BE20: 17 | BF20: 8814b359d5d8 | BG20: Май | BH20: 13856 | BI20: 5067 | BJ20: prtr9jqee | BK20: 256 | BR20: 17 | BS20: prtr9jqee | BT20: 13856 | BU20: 5067 | BV20: 256 | BW20: =IF(BS20=$CA$12,COUNTIF($BS$4:BS20,$CA$12),"") -> 5
E21: 18 | F21: bd5855a49924 | G21: prtr9jqee | H21: Июнь | I21: 148972 | J21: 54539 | K21: 684 | AW21: 9e19c4a14337 | AX21: =VLOOKUP(VLOOKUP(AW21,CHOOSE({1,2},BF:BF,BJ:BJ),2,0),BB:BC,2,0) -> FinGo Analytics | BB21: prtrgokwu | BC21: Market360 Labs | BE21: 18 | BF21: bd5855a49924 | BG21: Июнь | BH21: 148972 | BI21: 54539 | BJ21: prtr9jqee | BK21: 684 | BR21: 18 | BS21: prtr9jqee | BT21: 148972 | BU21: 54539 | BV21: 684 | BW21: =IF(BS21=$CA$12,COUNTIF($BS$4:BS21,$CA$12),"") -> 6
E22: 19 | F22: 2e36ca7b21d3 | G22: prtr9jqee | H22: Июль | I22: 148424 | J22: 50550 | K22: 2496 | AW22: 69d3f00ee89c | AX22: =VLOOKUP(VLOOKUP(AW22,CHOOSE({1,2},BF:BF,BJ:BJ),2,0),BB:BC,2,0) -> FinEdge Solutions (FES) | BB22: prtrap61y | BC22: FinKey Dynamics | BE22: 19 | BF22: 2e36ca7b21d3 | BG22: Июль | BH22: 148424 | BI22: 50550 | BJ22: prtr9jqee | BK22: 2496 | BR22: 19 | BS22: prtr9jqee | BT22: 148424 | BU22: 50550 | BV22: 2496 | BW22: =IF(BS22=$CA$12,COUNTIF($BS$4:BS22,$CA$12),"") -> 7
E23: 20 | F23: 29778b3d3839 | G23: prtr9jqee | H23: Август | I23: 22001 | J23: 6365 | K23: 374 | AW23: 9a808c55a887 | AX23: =VLOOKUP(VLOOKUP(AW23,CHOOSE({1,2},BF:BF,BJ:BJ),2,0),BB:BC,2,0) -> DataFin Marketers (DFM) | BB23: prtr6is7y | BC23: PrimeMarketplace | BE23: 20 | BF23: 29778b3d3839 | BG23: Август | BH23: 22001 | BI23: 6365 | BJ23: prtr9jqee | BK23: 374 | BR23: 20 | BS23: prtr9jqee | BT23: 22001 | BU23: 6365 | BV23: 374 | BW23: =IF(BS23=$CA$12,COUNTIF($BS$4:BS23,$CA$12),"") -> 8
E24: 21 | F24: b90884d71b53 | G24: prtr9jqee | H24: Сентябрь | I24: 100226 | J24: 27633 | K24: 2725 | AW24: ff0d212eddce | AX24: =VLOOKUP(VLOOKUP(AW24,CHOOSE({1,2},BF:BF,BJ:BJ),2,0),BB:BC,2,0) -> MarketUp Pro | BB24: prtr5li23 | BC24: EcomWise Agency | BE24: 21 | BF24: b90884d71b53 | BG24: Сентябрь | BH24: 100226 | BI24: 27633 | BJ24: prtr9jqee | BK24: 2725 | BR24: 21 | BS24: prtr9jqee | BT24: 100226 | BU24: 27633 | BV24: 2725 | BW24: =IF(BS24=$CA$12,COUNTIF($BS$4:BS24,$CA$12),"") -> 9
... E33: 30 | F33: af82fca66ddf | G33: prtr5veu2 | H33: Июнь | I33: 53481 | J33: 15745 | K33: 775 | AW33: 50904ff0ee30 | AX33: =VLOOKUP(VLOOKUP(AW33,CHOOSE({1,2},BF:BF,BJ:BJ),2,0),BB:BC,2,0) -> FinGo Analytics | BB33: prtryfr9r | BC33: CoreMarket Dynamics | BE33: 30 | BF33: af82fca66ddf | BG33: Июнь | BH33: 53481 | BI33: 15745 | BJ33: prtr5veu2 | BK33: 775 | BR33: 30 | BS33: prtr5veu2 | BT33: 53481 | BU33: 15745 | BV33: 775 | BW33: =IF(BS33=$CA$12,COUNTIF($BS$4:BS33,$CA$12),"")
E34: 31 | F34: 7d2bfb3b8ccd | G34: prtr5veu2 | H34: Июль | I34: 71572 | J34: 14477 | K34: 1109 | BB34: prtrzv8wc | BC34: EcomSphere Labs | BE34: 31 | BF34: 7d2bfb3b8ccd | BG34: Июль | BH34: 71572 | BI34: 14477 | BJ34: prtr5veu2 | BK34: 1109 | BR34: 31 | BS34: prtr5veu2 | BT34: 71572 | BU34: 14477 | BV34: 1109 | BW34: =IF(BS34=$CA$12,COUNTIF($BS$4:BS34,$CA$12),"")
E35: 32 | F35: 8f47cc8df66d | G35: prtr5veu2 | H35: Август | I35: 15916 | J35: 3992 | K35: 19 | BB35: prtr18c9h | BC35: FinScale Strategies | BE35: 32 | BF35: 8f47cc8df66d | BG35: Август | BH35: 15916 | BI35: 3992 | BJ35: prtr5veu2 | BK35: 19 | BR35: 32 | BS35: prtr5veu2 | BT35: 15916 | BU35: 3992 | BV35: 19 | BW35: =IF(BS35=$CA$12,COUNTIF($BS$4:BS35,$CA$12),"")
E36: 33 | F36: e513e5acc113 | G36: prtr5veu2 | H36: Сентябрь | I36: 133358 | J36: 40316 | K36: 3830 | BB36: prtrt39ag | BC36: Boostify Marketplace | BE36: 33 | BF36: e513e5acc113 | BG36: Сентябрь | BH36: 133358 | BI36: 40316 | BJ36: prtr5veu2 | BK36: 3830 | BR36: 33 | BS36: prtr5veu2 | BT36: 133358 | BU36: 40316 | BV36: 3830 | BW36: =IF(BS36=$CA$12,COUNTIF($BS$4:BS36,$CA$12),"")
E37: 34 | F37: c0d5d5e67bfb | G37: prtr5veu2 | H37: Октябрь | I37: 146932 | J37: 45905 | K37: 4101 | BB37: prtrxtdf1 | BC37: PaySecure Systems (PSS) | BE37: 34 | BF37: c0d5d5e67bfb | BG37: Октябрь | BH37: 146932 | BI37: 45905 | BJ37: prtr5veu2 | BK37: 4101 | BR37: 34 | BS37: prtr5veu2 | BT37: 146932 | BU37: 45905 | BV37: 4101 | BW37: =IF(BS37=$CA$12,COUNTIF($BS$4:BS37,$CA$12),"")
E38: 35 | F38: e206f447810e | G38: prtr5veu2 | H38: Ноябрь | I38: 18678 | J38: 5223 | K38: 374 | BB38: prtr6jph3 | BC38: EcoFin Nexus (EFN) | BE38: 35 | BF38: e206f447810e | BG38: Ноябрь | BH38: 18678 | BI38: 5223 | BJ38: prtr5veu2 | BK38: 374 | BR38: 35 | BS38: prtr5veu2 | BT38: 18678 | BU38: 5223 | BV38: 374 | BW38: =IF(BS38=$CA$12,COUNTIF($BS$4:BS38,$CA$12),"")
E39: 36 | F39: 51d7eac6f56d | G39: prtr5veu2 | H39: Декабрь | I39: 119531 | J39: 33160 | K39: 2030 | BB39: prtr00z3s | BC39: EcomTrail Partners | BE39: 36 | BF39: 51d7eac6f56d | BG39: Декабрь | BH39: 119531 | BI39: 33160 | BJ39: prtr5veu2 | BK39: 2030 | BR39: 36 | BS39: prtr5veu2 | BT39: 119531 | BU39: 33160 | BV39: 2030 | BW39: =IF(BS39=$CA$12,COUNTIF($BS$4:BS39,$CA$12),"")
E40: 37 | F40: f1d4ef483c1e | G40: prtrczb25 | H40: Январь | I40: 97983 | J40: 23779 | K40: 443 | BB40: prtrx2dwv | BC40: FinLink Innovations | BE40: 37 | BF40: f1d4ef483c1e | BG40: Январь | BH40: 97983 | BI40: 23779 | BJ40: prtrczb25 | BK40: 443 | BR40: 37 | BS40: prtrczb25 | BT40: 97983 | BU40: 23779 | BV40: 443 | BW40: =IF(BS40=$CA$12,COUNTIF($BS$4:BS40,$CA$12),"")
E41: 38 | F41: 102bec00f3e6 | G41: prtrczb25 | H41: Февраль | I41: 20916 | J41: 6503 | K41: 283 | BB41: prtr701wd | BC41: OmniMarket Pro | BE41: 38 | BF41: 102bec00f3e6 | BG41: Февраль | BH41: 20916 | BI41: 6503 | BJ41: prtrczb25 | BK41: 283 | BR41: 38 | BS41: prtrczb25 | BT41: 20916 | BU41: 6503 | BV41: 283 | BW41: =IF(BS41=$CA$12,COUNTIF($BS$4:BS41,$CA$12),"")
E42: 39 | F42: 3a3aaea5785b | G42: prtrczb25 | H42: Март | I42: 85691 | J42: 21208 | K42: 1513 | BB42: prtrxih4w | BC42: TechFin Studio | BE42: 39 | BF42: 3a3aaea5785b | BG42: Март | BH42: 85691 | BI42: 21208 | BJ42: prtrczb25 | BK42: 1513 | BR42: 39 | BS42: prtrczb25 | BT42: 85691 | BU42: 21208 | BV42: 1513 | BW42: =IF(BS42=$CA$12,COUNTIF($BS$4:BS42,$CA$12),"")
E43: 40 | F43: 60300685f57f | G43: prtrczb25 | H43: Апрель | I43: 50252 | J43: 16247 | K43: 987 | BB43: prtrb4y7e | BC43: MarketAlign Strategies | BE43: 40 | BF43: 60300685f57f | BG43: Апрель | BH43: 50252 | BI43: 16247 | BJ43: prtrczb25 | BK43: 987 | BR43: 40 | BS43: prtrczb25 | BT43: 50252 | BU43: 16247 | BV43: 987 | BW43: =IF(BS43=$CA$12,COUNTIF($BS$4:BS43,$CA$12),"")
E44: 41 | F44: 22a59c15203c | G44: prtrczb25 | H44: Май | I44: 88951 | J44: 24212 | K44: 465 | BB44: prtr22ttc | BC44: FinBoost Systems | BE44: 41 | BF44: 22a59c15203c | BG44: Май | BH44: 88951 | BI44: 24212 | BJ44: prtrczb25 | BK44: 465 | BR44: 41 | BS44: prtrczb25 | BT44: 88951 | BU44: 24212 | BV44: 465 | BW44: =IF(BS44=$CA$12,COUNTIF($BS$4:BS44,$CA$12),"")
E45: 42 | F45: 3584a972f778 | G45: prtrczb25 | H45: Июнь | I45: 48313 | J45: 17942 | K45: 1351 | BB45: prtriraoa | BC45: EcomOptics Agency | BE45: 42 | BF45: 3584a972f778 | BG45: Июнь | BH45: 48313 | BI45: 17942 | BJ45: prtrczb25 | BK45: 1351 | BR45: 42 | BS45: prtrczb25 | BT45: 48313 | BU45: 17942 | BV45: 1351 | BW45: =IF(BS45=$CA$12,COUNTIF($BS$4:BS45,$CA$12),"")
... E53: 50 | F53: 663ff4f63e3b | G53: prtrmec8l | H53: Февраль | I53: 20830 | J53: 7760 | K53: 583 | BB53: prtr4p7x8 | BC53: PayWave Solutions | BE53: 50 | BF53: 663ff4f63e3b | BG53: Февраль | BH53: 20830 | BI53: 7760 | BJ53: prtrmec8l | BK53: 583 | BR53: 50 | BS53: prtrmec8l | BT53: 20830 | BU53: 7760 | BV53: 583 | BW53: =IF(BS53=$CA$12,COUNTIF($BS$4:BS53,$CA$12),"")
E54: 51 | F54: 572b13a37d6b | G54: prtrmec8l | H54: Март | I54: 35400 | J54: 7900 | K54: 135 | BE54: 51 | BF54: 572b13a37d6b | BG54: Март | BH54: 35400 | BI54: 7900 | BJ54: prtrmec8l | BK54: 135 | BR54: 51 | BS54: prtrmec8l | BT54: 35400 | BU54: 7900 | BV54: 135 | BW54: =IF(BS54=$CA$12,COUNTIF($BS$4:BS54,$CA$12),"")
E55: 52 | F55: 3d798328e02d | G55: prtrmec8l | H55: Апрель | I55: 46970 | J55: 17848 | K55: 270 | BE55: 52 | BF55: 3d798328e02d | BG55: Апрель | BH55: 46970 | BI55: 17848 | BJ55: prtrmec8l | BK55: 270 | BR55: 52 | BS55: prtrmec8l | BT55: 46970 | BU55: 17848 | BV55: 270 | BW55: =IF(BS55=$CA$12,COUNTIF($BS$4:BS55,$CA$12),"")
E56: 53 | F56: 9dae15b5e6dd | G56: prtrmec8l | H56: Май | I56: 90960 | J56: 25720 | K56: 1379 | BE56: 53 | BF56: 9dae15b5e6dd | BG56: Май | BH56: 90960 | BI56: 25720 | BJ56: prtrmec8l | BK56: 1379 | BR56: 53 | BS56: prtrmec8l | BT56: 90960 | BU56: 25720 | BV56: 1379 | BW56: =IF(BS56=$CA$12,COUNTIF($BS$4:BS56,$CA$12),"")
E57: 54 | F57: b561baccc615 | G57: prtrmec8l | H57: Июнь | I57: 36191 | J57: 14233 | K57: 1327 | BE57: 54 | BF57: b561baccc615 | BG57: Июнь | BH57: 36191 | BI57: 14233 | BJ57: prtrmec8l | BK57: 1327 | BR57: 54 | BS57: prtrmec8l | BT57: 36191 | BU57: 14233 | BV57: 1327 | BW57: =IF(BS57=$CA$12,COUNTIF($BS$4:BS57,$CA$12),"")
E58: 55 | F58: b3bc3b8f8942 | G58: prtrmec8l | H58: Июль | I58: 118976 | J58: 26575 | K58: 13 | BE58: 55 | BF58: b3bc3b8f8942 | BG58: Июль | BH58: 118976 | BI58: 26575 | BJ58: prtrmec8l | BK58: 13 | BR58: 55 | BS58: prtrmec8l | BT58: 118976 | BU58: 26575 | BV58: 13 | BW58: =IF(BS58=$CA$12,COUNTIF($BS$4:BS58,$CA$12),"")
E59: 56 | F59: 5141e4064325 | G59: prtrmec8l | H59: Август | I59: 66017 | J59: 17845 | K59: 1152 | BE59: 56 | BF59: 5141e4064325 | BG59: Август | BH59: 66017 | BI59: 17845 | BJ59: prtrmec8l | BK59: 1152 | BR59: 56 | BS59: prtrmec8l | BT59: 66017 | BU59: 17845 | BV59: 1152 | BW59: =IF(BS59=$CA$12,COUNTIF($BS$4:BS59,$CA$12),"")
E60: 57 | F60: 0fd0ea99bbbc | G60: prtrmec8l | H60: Сентябрь | I60: 144297 | J60: 30879 | K60: 2290 | BE60: 57 | BF60: 0fd0ea99bbbc | BG60: Сентябрь | BH60: 144297 | BI60: 30879 | BJ60: prtrmec8l | BK60: 2290 | BR60: 57 | BS60: prtrmec8l | BT60: 144297 | BU60: 30879 | BV60: 2290 | BW60: =IF(BS60=$CA$12,COUNTIF($BS$4:BS60,$CA$12),"")
E61: 58 | F61: 49a842905d3c | G61: prtrmec8l | H61: Октябрь | I61: 34166 | J61: 11237 | K61: 576 | BE61: 58 | BF61: 49a842905d3c | BG61: Октябрь | BH61: 34166 | BI61: 11237 | BJ61: prtrmec8l | BK61: 576 | BR61: 58 | BS61: prtrmec8l | BT61: 34166 | BU61: 11237 | BV61: 576 | BW61: =IF(BS61=$CA$12,COUNTIF($BS$4:BS61,$CA$12),"")
E62: 59 | F62: 5fbde9d79df2 | G62: prtrmec8l | H62: Ноябрь | I62: 10398 | J62: 2769 | K62: 177 | BE62: 59 | BF62: 5fbde9d79df2 | BG62: Ноябрь | BH62: 10398 | BI62: 2769 | BJ62: prtrmec8l | BK62: 177 | BR62: 59 | BS62: prtrmec8l | BT62: 10398 | BU62: 2769 | BV62: 177 | BW62: =IF(BS62=$CA$12,COUNTIF($BS$4:BS62,$CA$12),"")
E63: 60 | F63: ad7eb5be4332 | G63: prtrmec8l | H63: Декабрь | I63: 143803 | J63: 31016 | K63: 2218 | BE63: 60 | BF63: ad7eb5be4332 | BG63: Декабрь | BH63: 143803 | BI63: 31016 | BJ63: prtrmec8l | BK63: 2218 | BR63: 60 | BS63: prtrmec8l | BT63: 143803 | BU63: 31016 | BV63: 2218 | BW63: =IF(BS63=$CA$12,COUNTIF($BS$4:BS63,$CA$12),"")
E64: 61 | F64: 940788a3e0bc | G64: prtrjzevz | H64: Январь | I64: 120541 | J64: 37015 | K64: 130 | BE64: 61 | BF64: 940788a3e0bc | BG64: Январь | BH64: 120541 | BI64: 37015 | BJ64: prtrjzevz | BK64: 130 | BR64: 61 | BS64: prtrjzevz | BT64: 120541 | BU64: 37015 | BV64: 130 | BW64: =IF(BS64=$CA$12,COUNTIF($BS$4:BS64,$CA$12),"")
E65: 62 | F65: 7343e3387885 | G65: prtrjzevz | H65: Февраль | I65: 97862 | J65: 38462 | K65: 3544 | BE65: 62 | BF65: 7343e3387885 | BG65: Февраль | BH65: 97862 | BI65: 38462 | BJ65: prtrjzevz | BK65: 3544 | BR65: 62 | BS65: prtrjzevz | BT65: 97862 | BU65: 38462 | BV65: 3544 | BW65: =IF(BS65=$CA$12,COUNTIF($BS$4:BS65,$CA$12),"")
... E261: 258 | F261: 98541e947f3e | G261: prtrq48d6 | H261: Июнь | I261: 85627 | J261: 26284 | K261: 1572 | BE261: 258 | BF261: 98541e947f3e | BG261: Июнь | BH261: 85627 | BI261: 26284 | BJ261: prtrq48d6 | BK261: 1572 | BR261: 258 | BS261: prtrq48d6 | BT261: 85627 | BU261: 26284 | BV261: 1572 | BW261: =IF(BS261=$CA$12,COUNTIF($BS$4:BS261,$CA$12),"")
E262: 259 | F262: 131346464827 | G262: prtrq48d6 | H262: Июль | I262: 40446 | J262: 8475 | K262: 589 | BE262: 259 | BF262: 131346464827 | BG262: Июль | BH262: 40446 | BI262: 8475 | BJ262: prtrq48d6 | BK262: 589 | BR262: 259 | BS262: prtrq48d6 | BT262: 40446 | BU262: 8475 | BV262: 589 | BW262: =IF(BS262=$CA$12,COUNTIF($BS$4:BS262,$CA$12),"")
E263: 260 | F263: 2d5fcf4add20 | G263: prtrq48d6 | H263: Август | I263: 128202 | J263: 47695 | K263: 1917 | BE263: 260 | BF263: 2d5fcf4add20 | BG263: Август | BH263: 128202 | BI263: 47695 | BJ263: prtrq48d6 | BK263: 1917 | BR263: 260 | BS263: prtrq48d6 | BT263: 128202 | BU263: 47695 | BV263: 1917 | BW263: =IF(BS263=$CA$12,COUNTIF($BS$4:BS263,$CA$12),"")
E264: 261 | F264: 40cbae7ecb07 | G264: prtrq48d6 | H264: Сентябрь | I264: 103803 | J264: 32999 | K264: 1742 | BE264: 261 | BF264: 40cbae7ecb07 | BG264: Сентябрь | BH264: 103803 | BI264: 32999 | BJ264: prtrq48d6 | BK264: 1742 | BR264: 261 | BS264: prtrq48d6 | BT264: 103803 | BU264: 32999 | BV264: 1742 | BW264: =IF(BS264=$CA$12,COUNTIF($BS$4:BS264,$CA$12),"")
E265: 262 | F265: 735503534afc | G265: prtrq48d6 | H265: Октябрь | I265: 137073 | J265: 49982 | K265: 647 | BE265: 262 | BF265: 735503534afc | BG265: Октябрь | BH265: 137073 | BI265: 49982 | BJ265: prtrq48d6 | BK265: 647 | BR265: 262 | BS265: prtrq48d6 | BT265: 137073 | BU265: 49982 | BV265: 647 | BW265: =IF(BS265=$CA$12,COUNTIF($BS$4:BS265,$CA$12),"")
E266: 263 | F266: 571aba63c1c5 | G266: prtrq48d6 | H266: Ноябрь | I266: 85712 | J266: 21229 | K266: 1382 | BE266: 263 | BF266: 571aba63c1c5 | BG266: Ноябрь | BH266: 85712 | BI266: 21229 | BJ266: prtrq48d6 | BK266: 1382 | BR266: 263 | BS266: prtrq48d6 | BT266: 85712 | BU266: 21229 | BV266: 1382 | BW266: =IF(BS266=$CA$12,COUNTIF($BS$4:BS266,$CA$12),"")
E267: 264 | F267: c71825fa72a1 | G267: prtrq48d6 | H267: Декабрь | I267: 55117 | J267: 20733 | K267: 1216 | BE267: 264 | BF267: c71825fa72a1 | BG267: Декабрь | BH267: 55117 | BI267: 20733 | BJ267: prtrq48d6 | BK267: 1216 | BR267: 264 | BS267: prtrq48d6 | BT267: 55117 | BU267: 20733 | BV267: 1216 | BW267: =IF(BS267=$CA$12,COUNTIF($BS$4:BS267,$CA$12),"")
E268: 265 | F268: 83f9b73408dd | G268: prtrsyyx1 | H268: Январь | I268: 84981 | J268: 30858 | K268: 76 | BE268: 265 | BF268: 83f9b73408dd | BG268: Январь | BH268: 84981 | BI268: 30858 | BJ268: prtrsyyx1 | BK268: 76 | BR268: 265 | BS268: prtrsyyx1 | BT268: 84981 | BU268: 30858 | BV268: 76 | BW268: =IF(BS268=$CA$12,COUNTIF($BS$4:BS268,$CA$12),"")
E269: 266 | F269: 04a5817aa96b | G269: prtrsyyx1 | H269: Февраль | I269: 42256 | J269: 14032 | K269: 1049 | BE269: 266 | BF269: 04a5817aa96b | BG269: Февраль | BH269: 42256 | BI269: 14032 | BJ269: prtrsyyx1 | BK269: 1049 | BR269: 266 | BS269: prtrsyyx1 | BT269: 42256 | BU269: 14032 | BV269: 1049 | BW269: =IF(BS269=$CA$12,COUNTIF($BS$4:BS269,$CA$12),"")
E270: 267 | F270: 50904ff0ee30 | G270: prtrsyyx1 | H270: Март | I270: 114328 | J270: 30204 | K270: 2154 | BE270: 267 | BF270: 50904ff0ee30 | BG270: Март | BH270: 114328 | BI270: 30204 | BJ270: prtrsyyx1 | BK270: 2154 | BR270: 267 | BS270: prtrsyyx1 | BT270: 114328 | BU270: 30204 | BV270: 2154 | BW270: =IF(BS270=$CA$12,COUNTIF($BS$4:BS270,$CA$12),"")
E271: 268 | F271: 0f0db08ef840 | G271: prtrsyyx1 | H271: Апрель | I271: 93546 | J271: 28451 | K271: 462 | BE271: 268 | BF271: 0f0db08ef840 | BG271: Апрель | BH271: 93546 | BI271: 28451 | BJ271: prtrsyyx1 | BK271: 462 | BR271: 268 | BS271: prtrsyyx1 | BT271: 93546 | BU271: 28451 | BV271: 462 | BW271: =IF(BS271=$CA$12,COUNTIF($BS$4:BS271,$CA$12),"")
E272: 269 | F272: 513f9e16a72e | G272: prtrsyyx1 | H272: Май | I272: 123554 | J272: 26047 | K272: 1004 | BE272: 269 | BF272: 513f9e16a72e | BG272: Май | BH272: 123554 | BI272: 26047 | BJ272: prtrsyyx1 | BK272: 1004 | BR272: 269 | BS272: prtrsyyx1 | BT272: 123554 | BU272: 26047 | BV272: 1004 | BW272: =IF(BS272=$CA$12,COUNTIF($BS$4:BS272,$CA$12),"")
E273: 270 | F273: 24831c9c328f | G273: prtrsyyx1 | H273: Июнь | I273: 36450 | J273: 12339 | K273: 806 | BE273: 270 | BF273: 24831c9c328f | BG273: Июнь | BH273: 36450 | BI273: 12339 | BJ273: prtrsyyx1 | BK273: 806 | BR273: 270 | BS273: prtrsyyx1 | BT273: 36450 | BU273: 12339 | BV273: 806 | BW273: =IF(BS273=$CA$12,COUNTIF($BS$4:BS273,$CA$12),"")
E274: 271 | F274: 8cadc39c5f06 | G274: prtrsyyx1 | H274: Июль | I274: 131757 | J274: 31760 | K274: 1955 | BE274: 271 | BF274: 8cadc39c5f06 | BG274: Июль | BH274: 131757 | BI274: 31760 | BJ274: prtrsyyx1 | BK274: 1955 | BR274: 271 | BS274: prtrsyyx1 | BT274: 131757 | BU274: 31760 | BV274: 1955 | BW274: =IF(BS274=$CA$12,COUNTIF($BS$4:BS274,$CA$12),"")
... E337: 334 | F337: 67e0935f449c | G337: prtr3r0ii | H337: Октябрь | I337: 77138 | J337: 28909 | K337: 1916 | BE337: 334 | BF337: 67e0935f449c | BG337: Октябрь | BH337: 77138 | BI337: 28909 | BJ337: prtr3r0ii | BK337: 1916 | BR337: 334 | BS337: prtr3r0ii | BT337: 77138 | BU337: 28909 | BV337: 1916 | BW337: =IF(BS337=$CA$12,COUNTIF($BS$4:BS337,$CA$12),"")
E338: 335 | F338: 6.0293701e+105 | G338: prtr3r0ii | H338: Ноябрь | I338: 12697 | J338: 3329 | K338: 154 | BE338: 335 | BF338: 6.0293701e+105 | BG338: Ноябрь | BH338: 12697 | BI338: 3329 | BJ338: prtr3r0ii | BK338: 154 | BR338: 335 | BS338: prtr3r0ii | BT338: 12697 | BU338: 3329 | BV338: 154 | BW338: =IF(BS338=$CA$12,COUNTIF($BS$4:BS338,$CA$12),"")
E339: 336 | F339: 09feb411e0f9 | G339: prtr3r0ii | H339: Декабрь | I339: 16054 | J339: 6128 | K339: 476 | BE339: 336 | BF339: 09feb411e0f9 | BG339: Декабрь | BH339: 16054 | BI339: 6128 | BJ339: prtr3r0ii | BK339: 476 | BR339: 336 | BS339: prtr3r0ii | BT339: 16054 | BU339: 6128 | BV339: 476 | BW339: =IF(BS339=$CA$12,COUNTIF($BS$4:BS339,$CA$12),"")
E340: 337 | F340: ca130ab1fe72 | G340: prtr17gzd | H340: Январь | I340: 30835 | J340: 11708 | K340: 996 | BE340: 337 | BF340: ca130ab1fe72 | BG340: Январь | BH340: 30835 | BI340: 11708 | BJ340: prtr17gzd | BK340: 996 | BR340: 337 | BS340: prtr17gzd | BT340: 30835 | BU340: 11708 | BV340: 996 | BW340: =IF(BS340=$CA$12,COUNTIF($BS$4:BS340,$CA$12),"")
E341: 338 | F341: 23335c669bd8 | G341: prtr17gzd | H341: Февраль | I341: 41219 | J341: 11873 | K341: 720 | BE341: 338 | BF341: 23335c669bd8 | BG341: Февраль | BH341: 41219 | BI341: 11873 | BJ341: prtr17gzd | BK341: 720 | BR341: 338 | BS341: prtr17gzd | BT341: 41219 | BU341: 11873 | BV341: 720 | BW341: =IF(BS341=$CA$12,COUNTIF($BS$4:BS341,$CA$12),"")
E342: 339 | F342: 078491fc49f1 | G342: prtr17gzd | H342: Март | I342: 122290 | J342: 29023 | K342: 1600 | BE342: 339 | BF342: 078491fc49f1 | BG342: Март | BH342: 122290 | BI342: 29023 | BJ342: prtr17gzd | BK342: 1600 | BR342: 339 | BS342: prtr17gzd | BT342: 122290 | BU342: 29023 | BV342: 1600 | BW342: =IF(BS342=$CA$12,COUNTIF($BS$4:BS342,$CA$12),"")
E343: 340 | F343: 43ada7002e43 | G343: prtr17gzd | H343: Апрель | I343: 13072 | J343: 4500 | K343: 230 | BE343: 340 | BF343: 43ada7002e43 | BG343: Апрель | BH343: 13072 | BI343: 4500 | BJ343: prtr17gzd | BK343: 230 | BR343: 340 | BS343: prtr17gzd | BT343: 13072 | BU343: 4500 | BV343: 230 | BW343: =IF(BS343=$CA$12,COUNTIF($BS$4:BS343,$CA$12),"")
E344: 341 | F344: 432be90f4185 | G344: prtr17gzd | H344: Май | I344: 17719 | J344: 4805 | K344: 77 | BE344: 341 | BF344: 432be90f4185 | BG344: Май | BH344: 17719 | BI344: 4805 | BJ344: prtr17gzd | BK344: 77 | BR344: 341 | BS344: prtr17gzd | BT344: 17719 | BU344: 4805 | BV344: 77 | BW344: =IF(BS344=$CA$12,COUNTIF($BS$4:BS344,$CA$12),"")
E345: 342 | F345: 8109031250f6 | G345: prtr17gzd | H345: Июнь | I345: 91240 | J345: 21646 | K345: 28 | BE345: 342 | BF345: 8109031250f6 | BG345: Июнь | BH345: 91240 | BI345: 21646 | BJ345: prtr17gzd | BK345: 28 | BR345: 342 | BS345: prtr17gzd | BT345: 91240 | BU345: 21646 | BV345: 28 | BW345: =IF(BS345=$CA$12,COUNTIF($BS$4:BS345,$CA$12),"")
E346: 343 | F346: a5c704844bf0 | G346: prtr17gzd | H346: Июль | I346: 26142 | J346: 9661 | K346: 158 | BE346: 343 | BF346: a5c704844bf0 | BG346: Июль | BH346: 26142 | BI346: 9661 | BJ346: prtr17gzd | BK346: 158 | BR346: 343 | BS346: prtr17gzd | BT346: 26142 | BU346: 9661 | BV346: 158 | BW346: =IF(BS346=$CA$12,COUNTIF($BS$4:BS346,$CA$12),"")
E347: 344 | F347: 7a0f0945c0d6 | G347: prtr17gzd | H347: Август | I347: 59248 | J347: 17293 | K347: 1080 | BE347: 344 | BF347: 7a0f0945c0d6 | BG347: Август | BH347: 59248 | BI347: 17293 | BJ347: prtr17gzd | BK347: 1080 | BR347: 344 | BS347: prtr17gzd | BT347: 59248 | BU347: 17293 | BV347: 1080 | BW347: =IF(BS347=$CA$12,COUNTIF($BS$4:BS347,$CA$12),"")
E348: 345 | F348: fec3d50c388f | G348: prtr17gzd | H348: Сентябрь | I348: 141244 | J348: 37896 | K348: 1806 | BE348: 345 | BF348: fec3d50c388f | BG348: Сентябрь | BH348: 141244 | BI348: 37896 | BJ348: prtr17gzd | BK348: 1806 | BR348: 345 | BS348: prtr17gzd | BT348: 141244 | BU348: 37896 | BV348: 1806 | BW348: =IF(BS348=$CA$12,COUNTIF($BS$4:BS348,$CA$12),"")
E349: 346 | F349: 689e6ac29e35 | G349: prtr17gzd | H349: Октябрь | I349: 118211 | J349: 27001 | K349: 2535 | BE349: 346 | BF349: 689e6ac29e35 | BG349: Октябрь | BH349: 118211 | BI349: 27001 | BJ349: prtr17gzd | BK349: 2535 | BR349: 346 | BS349: prtr17gzd | BT349: 118211 | BU349: 27001 | BV349: 2535 | BW349: =IF(BS349=$CA$12,COUNTIF($BS$4:BS349,$CA$12),"")
E350: 347 | F350: a9572ec97d13 | G350: prtr17gzd | H350: Ноябрь | I350: 104859 | J350: 26437 | K350: 179 | BE350: 347 | BF350: a9572ec97d13 | BG350: Ноябрь | BH350: 104859 | BI350: 26437 | BJ350: prtr17gzd | BK350: 179 | BR350: 347 | BS350: prtr17gzd | BT350: 104859 | BU350: 26437 | BV350: 179 | BW350: =IF(BS350=$CA$12,COUNTIF($BS$4:BS350,$CA$12),"")
... E355: 352 | F355: 8b19fd45b8e4 | G355: prtryfr9r | H355: Апрель | I355: 115458 | J355: 30956 | K355: 1281 | BE355: 352 | BF355: 8b19fd45b8e4 | BG355: Апрель | BH355: 115458 | BI355: 30956 | BJ355: prtryfr9r | BK355: 1281 | BR355: 352 | BS355: prtryfr9r | BT355: 115458 | BU355: 30956 | BV355: 1281 | BW355: =IF(BS355=$CA$12,COUNTIF($BS$4:BS355,$CA$12),"")
E356: 353 | F356: 463285891454 | G356: prtryfr9r | H356: Май | I356: 87254 | J356: 30841 | K356: 378 | BE356: 353 | BF356: 463285891454 | BG356: Май | BH356: 87254 | BI356: 30841 | BJ356: prtryfr9r | BK356: 378 | BR356: 353 | BS356: prtryfr9r | BT356: 87254 | BU356: 30841 | BV356: 378 | BW356: =IF(BS356=$CA$12,COUNTIF($BS$4:BS356,$CA$12),"")
E357: 354 | F357: aae419a09b5c | G357: prtryfr9r | H357: Июнь | I357: 133104 | J357: 28288 | K357: 2750 | BE357: 354 | BF357: aae419a09b5c | BG357: Июнь | BH357: 133104 | BI357: 28288 | BJ357: prtryfr9r | BK357: 2750 | BR357: 354 | BS357: prtryfr9r | BT357: 133104 | BU357: 28288 | BV357: 2750 | BW357: =IF(BS357=$CA$12,COUNTIF($BS$4:BS357,$CA$12),"")
E358: 355 | F358: 09be27609cef | G358: prtryfr9r | H358: Июль | I358: 118760 | J358: 28691 | K358: 55 | BE358: 355 | BF358: 09be27609cef | BG358: Июль | BH358: 118760 | BI358: 28691 | BJ358: prtryfr9r | BK358: 55 | BR358: 355 | BS358: prtryfr9r | BT358: 118760 | BU358: 28691 | BV358: 55 | BW358: =IF(BS358=$CA$12,COUNTIF($BS$4:BS358,$CA$12),"")
E359: 356 | F359: 236ac7e7b342 | G359: prtryfr9r | H359: Август | I359: 10141 | J359: 2628 | K359: 132 | BE359: 356 | BF359: 236ac7e7b342 | BG359: Август | BH359: 10141 | BI359: 2628 | BJ359: prtryfr9r | BK359: 132 | BR359: 356 | BS359: prtryfr9r | BT359: 10141 | BU359: 2628 | BV359: 132 | BW359: =IF(BS359=$CA$12,COUNTIF($BS$4:BS359,$CA$12),"")
E360: 357 | F360: e848c8d42378 | G360: prtryfr9r | H360: Сентябрь | I360: 37757 | J360: 11520 | K360: 263 | BE360: 357 | BF360: e848c8d42378 | BG360: Сентябрь | BH360: 37757 | BI360: 11520 | BJ360: prtryfr9r | BK360: 263 | BR360: 357 | BS360: prtryfr9r | BT360: 37757 | BU360: 11520 | BV360: 263 | BW360: =IF(BS360=$CA$12,COUNTIF($BS$4:BS360,$CA$12),"")
E361: 358 | F361: 0380f315bd30 | G361: prtryfr9r | H361: Октябрь | I361: 75371 | J361: 16090 | K361: 800 | BE361: 358 | BF361: 0380f315bd30 | BG361: Октябрь | BH361: 75371 | BI361: 16090 | BJ361: prtryfr9r | BK361: 800 | BR361: 358 | BS361: prtryfr9r | BT361: 75371 | BU361: 16090 | BV361: 800 | BW361: =IF(BS361=$CA$12,COUNTIF($BS$4:BS361,$CA$12),"")
E362: 359 | F362: 24eb15c5058f | G362: prtryfr9r | H362: Ноябрь | I362: 149969 | J362: 56865 | K362: 1745 | BE362: 359 | BF362: 24eb15c5058f | BG362: Ноябрь | BH362: 149969 | BI362: 56865 | BJ362: prtryfr9r | BK362: 1745 | BR362: 359 | BS362: prtryfr9r | BT362: 149969 | BU362: 56865 | BV362: 1745 | BW362: =IF(BS362=$CA$12,COUNTIF($BS$4:BS362,$CA$12),"")
E363: 360 | F363: 5f1eda36a5ca | G363: prtryfr9r | H363: Декабрь | I363: 105703 | J363: 25231 | K363: 1750 | BE363: 360 | BF363: 5f1eda36a5ca | BG363: Декабрь | BH363: 105703 | BI363: 25231 | BJ363: prtryfr9r | BK363: 1750 | BR363: 360 | BS363: prtryfr9r | BT363: 105703 | BU363: 25231 | BV363: 1750 | BW363: =IF(BS363=$CA$12,COUNTIF($BS$4:BS363,$CA$12),"")
E364: 361 | F364: 90549f3eef4e | G364: prtrzv8wc | H364: Январь | I364: 16892 | J364: 5922 | K364: 244 | BE364: 361 | BF364: 90549f3eef4e | BG364: Январь | BH364: 16892 | BI364: 5922 | BJ364: prtrzv8wc | BK364: 244 | BR364: 361 | BS364: prtrzv8wc | BT364: 16892 | BU364: 5922 | BV364: 244 | BW364: =IF(BS364=$CA$12,COUNTIF($BS$4:BS364,$CA$12),"")
E365: 362 | F365: 2f37b2ea4787 | G365: prtrzv8wc | H365: Февраль | I365: 91036 | J365: 20019 | K365: 67 | BE365: 362 | BF365: 2f37b2ea4787 | BG365: Февраль | BH365: 91036 | BI365: 20019 | BJ365: prtrzv8wc | BK365: 67 | BR365: 362 | BS365: prtrzv8wc | BT365: 91036 | BU365: 20019 | BV365: 67 | BW365: =IF(BS365=$CA$12,COUNTIF($BS$4:BS365,$CA$12),"")
E366: 363 | F366: 995310ac4626 | G366: prtrzv8wc | H366: Март | I366: 148727 | J366: 50801 | K366: 415 | BE366: 363 | BF366: 995310ac4626 | BG366: Март | BH366: 148727 | BI366: 50801 | BJ366: prtrzv8wc | BK366: 415 | BR366: 363 | BS366: prtrzv8wc | BT366: 148727 | BU366: 50801 | BV366: 415 | BW366: =IF(BS366=$CA$12,COUNTIF($BS$4:BS366,$CA$12),"")
E367: 364 | F367: f10dc4f68412 | G367: prtrzv8wc | H367: Апрель | I367: 59900 | J367: 13173 | K367: 670 | BE367: 364 | BF367: f10dc4f68412 | BG367: Апрель | BH367: 59900 | BI367: 13173 | BJ367: prtrzv8wc | BK367: 670 | BR367: 364 | BS367: prtrzv8wc | BT367: 59900 | BU367: 13173 | BV367: 670 | BW367: =IF(BS367=$CA$12,COUNTIF($BS$4:BS367,$CA$12),"")
E368: 365 | F368: 82e4cb1c444e | G368: prtrzv8wc | H368: Май | I368: 26272 | J368: 8249 | K368: 317 | BE368: 365 | BF368: 82e4cb1c444e | BG368: Май | BH368: 26272 | BI368: 8249 | BJ368: prtrzv8wc | BK368: 317 | BR368: 365 | BS368: prtrzv8wc | BT368: 26272 | BU368: 8249 | BV368: 317 | BW368: =IF(BS368=$CA$12,COUNTIF($BS$4:BS368,$CA$12),"")
... E474: 471 | F474: ce8e80202706 | G474: prtrb4y7e | H474: Март | I474: 136870 | J474: 50647 | K474: 2411 | BE474: 471 | BF474: ce8e80202706 | BG474: Март | BH474: 136870 | BI474: 50647 | BJ474: prtrb4y7e | BK474: 2411 | BR474: 471 | BS474: prtrb4y7e | BT474: 136870 | BU474: 50647 | BV474: 2411 | BW474: =IF(BS474=$CA$12,COUNTIF($BS$4:BS474,$CA$12),"")
E475: 472 | F475: 465924413573 | G475: prtrb4y7e | H475: Апрель | I475: 55549 | J475: 19142 | K475: 981 | BE475: 472 | BF475: 465924413573 | BG475: Апрель | BH475: 55549 | BI475: 19142 | BJ475: prtrb4y7e | BK475: 981 | BR475: 472 | BS475: prtrb4y7e | BT475: 55549 | BU475: 19142 | BV475: 981 | BW475: =IF(BS475=$CA$12,COUNTIF($BS$4:BS475,$CA$12),"")
E476: 473 | F476: 1650950a7d80 | G476: prtrb4y7e | H476: Май | I476: 122896 | J476: 41348 | K476: 690 | BE476: 473 | BF476: 1650950a7d80 | BG476: Май | BH476: 122896 | BI476: 41348 | BJ476: prtrb4y7e | BK476: 690 | BR476: 473 | BS476: prtrb4y7e | BT476: 122896 | BU476: 41348 | BV476: 690 | BW476: =IF(BS476=$CA$12,COUNTIF($BS$4:BS476,$CA$12),"")
E477: 474 | F477: c69167e397ea | G477: prtrb4y7e | H477: Июнь | I477: 136067 | J477: 34293 | K477: 779 | BE477: 474 | BF477: c69167e397ea | BG477: Июнь | BH477: 136067 | BI477: 34293 | BJ477: prtrb4y7e | BK477: 779 | BR477: 474 | BS477: prtrb4y7e | BT477: 136067 | BU477: 34293 | BV477: 779 | BW477: =IF(BS477=$CA$12,COUNTIF($BS$4:BS477,$CA$12),"")
E478: 475 | F478: 0af18cffe7cc | G478: prtrb4y7e | H478: Июль | I478: 40615 | J478: 13089 | K478: 126 | BE478: 475 | BF478: 0af18cffe7cc | BG478: Июль | BH478: 40615 | BI478: 13089 | BJ478: prtrb4y7e | BK478: 126 | BR478: 475 | BS478: prtrb4y7e | BT478: 40615 | BU478: 13089 | BV478: 126 | BW478: =IF(BS478=$CA$12,COUNTIF($BS$4:BS478,$CA$12),"")
E479: 476 | F479: 34f2ba803802 | G479: prtrb4y7e | H479: Август | I479: 20956 | J479: 7260 | K479: 565 | BE479: 476 | BF479: 34f2ba803802 | BG479: Август | BH479: 20956 | BI479: 7260 | BJ479: prtrb4y7e | BK479: 565 | BR479: 476 | BS479: prtrb4y7e | BT479: 20956 | BU479: 7260 | BV479: 565 | BW479: =IF(BS479=$CA$12,COUNTIF($BS$4:BS479,$CA$12),"")
E480: 477 | F480: 832f02095be5 | G480: prtrb4y7e | H480: Сентябрь | I480: 99192 | J480: 36770 | K480: 3025 | BE480: 477 | BF480: 832f02095be5 | BG480: Сентябрь | BH480: 99192 | BI480: 36770 | BJ480: prtrb4y7e | BK480: 3025 | BR480: 477 | BS480: prtrb4y7e | BT480: 99192 | BU480: 36770 | BV480: 3025 | BW480: =IF(BS480=$CA$12,COUNTIF($BS$4:BS480,$CA$12),"")
E481: 478 | F481: 5ed52a2ae797 | G481: prtrb4y7e | H481: Октябрь | I481: 127885 | J481: 29512 | K481: 554 | BE481: 478 | BF481: 5ed52a2ae797 | BG481: Октябрь | BH481: 127885 | BI481: 29512 | BJ481: prtrb4y7e | BK481: 554 | BR481: 478 | BS481: prtrb4y7e | BT481: 127885 | BU481: 29512 | BV481: 554 | BW481: =IF(BS481=$CA$12,COUNTIF($BS$4:BS481,$CA$12),"")
E482: 479 | F482: c4950faa07e8 | G482: prtrb4y7e | H482: Ноябрь | I482: 106196 | J482: 27038 | K482: 926 | BE482: 479 | BF482: c4950faa07e8 | BG482: Ноябрь | BH482: 106196 | BI482: 27038 | BJ482: prtrb4y7e | BK482: 926 | BR482: 479 | BS482: prtrb4y7e | BT482: 106196 | BU482: 27038 | BV482: 926 | BW482: =IF(BS482=$CA$12,COUNTIF($BS$4:BS482,$CA$12),"")
E483: 480 | F483: 867763a812ba | G483: prtrb4y7e | H483: Декабрь | I483: 83124 | J483: 32028 | K483: 659 | BE483: 480 | BF483: 867763a812ba | BG483: Декабрь | BH483: 83124 | BI483: 32028 | BJ483: prtrb4y7e | BK483: 659 | BR483: 480 | BS483: prtrb4y7e | BT483: 83124 | BU483: 32028 | BV483: 659 | BW483: =IF(BS483=$CA$12,COUNTIF($BS$4:BS483,$CA$12),"")
...

Sheet Справка
D7: Синтаксис и применение функций ссылок и массивов из официального источника
