Workbook
Name Срез_Месяц: #N/A

Sheet Тема урока
A32: 1
A66: 1
A99: 1

Sheet Выполнить
AA5: Месяц | AB5: Просмотры | AC5: Клики | AD5: Транзакции
AA6: Январь | AB6: 1027 | AC6: 1015 | AD6: 1314 | AG6: Месяц | AH6: Октябрь | BG6: Месяц | BH6: Просмотры | BI6: Клики | BJ6: Транзакции
AA7: Февраль | AB7: 1254 | AC7: 1193 | AD7: 1317 | AG7: Метрика | AH7: Транзакции | BG7: Январь | BH7: =SUMIFS(Отчет!AI:AI,Отчет!$AH:$AH,Выполнить!$BG7) -> 3828286 | BI7: =SUMIFS(Отчет!AJ:AJ,Отчет!$AH:$AH,Выполнить!$BG7) -> 1161053 | BJ7: =SUMIFS(Отчет!AK:AK,Отчет!$AH:$AH,Выполнить!$BG7) -> 49872 | BM7: Месяц | BN7: Июнь
F8: Месяц | G8: Просмотры | H8: Клики | I8: Транзакции | AA8: Март | AB8: 1429 | AC8: 1309 | AD8: 1418 | BG8: Февраль | BH8: =SUMIFS(Отчет!AI:AI,Отчет!$AH:$AH,Выполнить!$BG8) -> 4333553 | BI8: =SUMIFS(Отчет!AJ:AJ,Отчет!$AH:$AH,Выполнить!$BG8) -> 1339512 | BJ8: =SUMIFS(Отчет!AK:AK,Отчет!$AH:$AH,Выполнить!$BG8) -> 71742 | BM8: Метрика | BN8: Просмотры
F9: Январь | G9: =SUMIFS(Отчет!AI:AI,Отчет!$AH:$AH,Выполнить!$F9) -> 3828286 | H9: =SUMIFS(Отчет!AJ:AJ,Отчет!$AH:$AH,Выполнить!$F9) -> 1161053 | I9: =SUMIFS(Отчет!AK:AK,Отчет!$AH:$AH,Выполнить!$F9) -> 49872 | L9: Месяц | M9: Август | AA9: Апрель | AB9: 1345 | AC9: 1254 | AD9: 1080 | BG9: Март | BH9: =SUMIFS(Отчет!AI:AI,Отчет!$AH:$AH,Выполнить!$BG9) -> 3943674 | BI9: =SUMIFS(Отчет!AJ:AJ,Отчет!$AH:$AH,Выполнить!$BG9) -> 1154933 | BJ9: =SUMIFS(Отчет!AK:AK,Отчет!$AH:$AH,Выполнить!$BG9) -> 53544
F10: Февраль | G10: =SUMIFS(Отчет!AI:AI,Отчет!$AH:$AH,Выполнить!$F10) -> 4333553 | H10: =SUMIFS(Отчет!AJ:AJ,Отчет!$AH:$AH,Выполнить!$F10) -> 1339512 | I10: =SUMIFS(Отчет!AK:AK,Отчет!$AH:$AH,Выполнить!$F10) -> 71742 | L10: Метрика | M10: Транзакции | AA10: Май | AB10: 1061 | AC10: 1229 | AD10: 1047 | AG10: Результат | AH10: =INDEX($AB$6:$AD$17,MATCH($AH$6,$AA$6:$AA$17,0),MATCH($AH$7,$AB$5:$AD$5,0)) -> 1364 | BG10: Апрель | BH10: =SUMIFS(Отчет!AI:AI,Отчет!$AH:$AH,Выполнить!$BG10) -> 3537571 | BI10: =SUMIFS(Отчет!AJ:AJ,Отчет!$AH:$AH,Выполнить!$BG10) -> 1055719 | BJ10: =SUMIFS(Отчет!AK:AK,Отчет!$AH:$AH,Выполнить!$BG10) -> 53263
F11: Март | G11: =SUMIFS(Отчет!AI:AI,Отчет!$AH:$AH,Выполнить!$F11) -> 3943674 | H11: =SUMIFS(Отчет!AJ:AJ,Отчет!$AH:$AH,Выполнить!$F11) -> 1154933 | I11: =SUMIFS(Отчет!AK:AK,Отчет!$AH:$AH,Выполнить!$F11) -> 53544 | AA11: Июнь | AB11: 1100 | AC11: 1292 | AD11: 1035 | BG11: Май | BH11: =SUMIFS(Отчет!AI:AI,Отчет!$AH:$AH,Выполнить!$BG11) -> 3904801 | BI11: =SUMIFS(Отчет!AJ:AJ,Отчет!$AH:$AH,Выполнить!$BG11) -> 1142776 | BJ11: =SUMIFS(Отчет!AK:AK,Отчет!$AH:$AH,Выполнить!$BG11) -> 55983 | BM11: Результат | BN11: =INDEX($BG$6:$BJ$18,MATCH($BN$7,$BG$6:$BG$18,0),MATCH($BN$8,$BG$6:$BJ$6,0)) -> 3669099
F12: Апрель | G12: =SUMIFS(Отчет!AI:AI,Отчет!$AH:$AH,Выполнить!$F12) -> 3537571 | H12: =SUMIFS(Отчет!AJ:AJ,Отчет!$AH:$AH,Выполнить!$F12) -> 1055719 | I12: =SUMIFS(Отчет!AK:AK,Отчет!$AH:$AH,Выполнить!$F12) -> 53263 | AA12: Июль | AB12: 1377 | AC12: 1009 | AD12: 1466 | BG12: Июнь | BH12: =SUMIFS(Отчет!AI:AI,Отчет!$AH:$AH,Выполнить!$BG12) -> 3669099 | BI12: =SUMIFS(Отчет!AJ:AJ,Отчет!$AH:$AH,Выполнить!$BG12) -> 1107075 | BJ12: =SUMIFS(Отчет!AK:AK,Отчет!$AH:$AH,Выполнить!$BG12) -> 55813
F13: Май | G13: =SUMIFS(Отчет!AI:AI,Отчет!$AH:$AH,Выполнить!$F13) -> 3904801 | H13: =SUMIFS(Отчет!AJ:AJ,Отчет!$AH:$AH,Выполнить!$F13) -> 1142776 | I13: =SUMIFS(Отчет!AK:AK,Отчет!$AH:$AH,Выполнить!$F13) -> 55983 | L13: Результат | M13: =INDEX($F$8:$I$20,MATCH($M$9,$F$8:$F$20,0),MATCH($M$10,$F$8:$I$8,0)) -> 62505 | AA13: Август | AB13: 1077 | AC13: 1402 | AD13: 1144 | BG13: Июль | BH13: =SUMIFS(Отчет!AI:AI,Отчет!$AH:$AH,Выполнить!$BG13) -> 4067609 | BI13: =SUMIFS(Отчет!AJ:AJ,Отчет!$AH:$AH,Выполнить!$BG13) -> 1198712 | BJ13: =SUMIFS(Отчет!AK:AK,Отчет!$AH:$AH,Выполнить!$BG13) -> 52300
F14: Июнь | G14: =SUMIFS(Отчет!AI:AI,Отчет!$AH:$AH,Выполнить!$F14) -> 3669099 | H14: =SUMIFS(Отчет!AJ:AJ,Отчет!$AH:$AH,Выполнить!$F14) -> 1107075 | I14: =SUMIFS(Отчет!AK:AK,Отчет!$AH:$AH,Выполнить!$F14) -> 55813 | AA14: Сентябрь | AB14: 1314 | AC14: 1320 | AD14: 1024 | BG14: Август | BH14: =SUMIFS(Отчет!AI:AI,Отчет!$AH:$AH,Выполнить!$BG14) -> 4098500 | BI14: =SUMIFS(Отчет!AJ:AJ,Отчет!$AH:$AH,Выполнить!$BG14) -> 1320638 | BJ14: =SUMIFS(Отчет!AK:AK,Отчет!$AH:$AH,Выполнить!$BG14) -> 62505
F15: Июль | G15: =SUMIFS(Отчет!AI:AI,Отчет!$AH:$AH,Выполнить!$F15) -> 4067609 | H15: =SUMIFS(Отчет!AJ:AJ,Отчет!$AH:$AH,Выполнить!$F15) -> 1198712 | I15: =SUMIFS(Отчет!AK:AK,Отчет!$AH:$AH,Выполнить!$F15) -> 52300 | AA15: Октябрь | AB15: 1255 | AC15: 1391 | AD15: 1364 | BG15: Сентябрь | BH15: =SUMIFS(Отчет!AI:AI,Отчет!$AH:$AH,Выполнить!$BG15) -> 4001152 | BI15: =SUMIFS(Отчет!AJ:AJ,Отчет!$AH:$AH,Выполнить!$BG15) -> 1203579 | BJ15: =SUMIFS(Отчет!AK:AK,Отчет!$AH:$AH,Выполнить!$BG15) -> 63229
F16: Август | G16: =SUMIFS(Отчет!AI:AI,Отчет!$AH:$AH,Выполнить!$F16) -> 4098500 | H16: =SUMIFS(Отчет!AJ:AJ,Отчет!$AH:$AH,Выполнить!$F16) -> 1320638 | I16: =SUMIFS(Отчет!AK:AK,Отчет!$AH:$AH,Выполнить!$F16) -> 62505 | AA16: Ноябрь | AB16: 1407 | AC16: 1177 | AD16: 1176 | BG16: Октябрь | BH16: =SUMIFS(Отчет!AI:AI,Отчет!$AH:$AH,Выполнить!$BG16) -> 4338209 | BI16: =SUMIFS(Отчет!AJ:AJ,Отчет!$AH:$AH,Выполнить!$BG16) -> 1304043 | BJ16: =SUMIFS(Отчет!AK:AK,Отчет!$AH:$AH,Выполнить!$BG16) -> 60297
F17: Сентябрь | G17: =SUMIFS(Отчет!AI:AI,Отчет!$AH:$AH,Выполнить!$F17) -> 4001152 | H17: =SUMIFS(Отчет!AJ:AJ,Отчет!$AH:$AH,Выполнить!$F17) -> 1203579 | I17: =SUMIFS(Отчет!AK:AK,Отчет!$AH:$AH,Выполнить!$F17) -> 63229 | AA17: Декабрь | AB17: 1016 | AC17: 1364 | AD17: 1198 | BG17: Ноябрь | BH17: =SUMIFS(Отчет!AI:AI,Отчет!$AH:$AH,Выполнить!$BG17) -> 3681441 | BI17: =SUMIFS(Отчет!AJ:AJ,Отчет!$AH:$AH,Выполнить!$BG17) -> 1101239 | BJ17: =SUMIFS(Отчет!AK:AK,Отчет!$AH:$AH,Выполнить!$BG17) -> 48764
F18: Октябрь | G18: =SUMIFS(Отчет!AI:AI,Отчет!$AH:$AH,Выполнить!$F18) -> 4338209 | H18: =SUMIFS(Отчет!AJ:AJ,Отчет!$AH:$AH,Выполнить!$F18) -> 1304043 | I18: =SUMIFS(Отчет!AK:AK,Отчет!$AH:$AH,Выполнить!$F18) -> 60297 | BG18: Декабрь | BH18: =SUMIFS(Отчет!AI:AI,Отчет!$AH:$AH,Выполнить!$BG18) -> 3781474 | BI18: =SUMIFS(Отчет!AJ:AJ,Отчет!$AH:$AH,Выполнить!$BG18) -> 1056721 | BJ18: =SUMIFS(Отчет!AK:AK,Отчет!$AH:$AH,Выполнить!$BG18) -> 43937
F19: Ноябрь | G19: =SUMIFS(Отчет!AI:AI,Отчет!$AH:$AH,Выполнить!$F19) -> 3681441 | H19: =SUMIFS(Отчет!AJ:AJ,Отчет!$AH:$AH,Выполнить!$F19) -> 1101239 | I19: =SUMIFS(Отчет!AK:AK,Отчет!$AH:$AH,Выполнить!$F19) -> 48764
F20: Декабрь | G20: =SUMIFS(Отчет!AI:AI,Отчет!$AH:$AH,Выполнить!$F20) -> 3781474 | H20: =SUMIFS(Отчет!AJ:AJ,Отчет!$AH:$AH,Выполнить!$F20) -> 1056721 | I20: =SUMIFS(Отчет!AK:AK,Отчет!$AH:$AH,Выполнить!$F20) -> 43937

Sheet Отчет
F3: id_cmpgn | G3: id_prtr | H3: Месяц | I3: Просмотры | J3: Клики | K3: Транзакции | AJ3: Просмотры | AK3: Клики | AL3: Транзакции
E4: 1 | F4: 7536deca309a | G4: prtrjg8mf | H4: Январь | I4: 148483 | J4: 33258 | K4: 2834 | AJ4: =MAX(mark_tbl[[#All],[Просмотры]]) -> 47185369 | AK4: =MAX(mark_tbl[[#All],[Клики]]) -> 14146000 | AL4: =MAX(mark_tbl[[#All],[Транзакции]]) -> 671249
E5: 2 | F5: d1aaa9bf0482 | G5: prtrjg8mf | H5: Февраль | I5: 38241 | J5: 8823 | K5: 813
E6: 3 | F6: 96afc95efd12 | G6: prtrjg8mf | H6: Март | I6: 54157 | J6: 11297 | K6: 711
E7: 4 | F7: e9833306f49b | G7: prtrjg8mf | H7: Апрель | I7: 22200 | J7: 6717 | K7: 392
E8: 5 | F8: f3df42649379 | G8: prtrjg8mf | H8: Май | I8: 138053 | J8: 53787 | K8: 2795
E9: 6 | F9: fea36b22c7f4 | G9: prtrjg8mf | H9: Июнь | I9: 47567 | J9: 18717 | K9: 1418
E10: 7 | F10: 39fe9812bfb2 | G10: prtrjg8mf | H10: Июль | I10: 110416 | J10: 33701 | K10: 3266
E11: 8 | F11: 26b9f2986f37 | G11: prtrjg8mf | H11: Август | I11: 129454 | J11: 30877 | K11: 1029
E12: 9 | F12: 7cfcb4c3115e | G12: prtrjg8mf | H12: Сентябрь | I12: 109685 | J12: 40483 | K12: 3520 | AE12: # | AF12: id_cmpgn | AG12: id_prtr | AH12: Месяц | AI12: Просмотры | AJ12: Клики | AK12: Транзакции
E13: 10 | F13: 81e231fccb15 | G13: prtrjg8mf | H13: Октябрь | I13: 134341 | J13: 44339 | K13: 1025 | AE13: 1 | AF13: 7536deca309a | AG13: prtrjg8mf | AH13: Январь | AI13: 148483 | AJ13: 33258 | AK13: 2834
E14: 11 | F14: 44026375c796 | G14: prtrjg8mf | H14: Ноябрь | I14: 18425 | J14: 4724 | K14: 36 | AE14: 2 | AF14: d1aaa9bf0482 | AG14: prtrjg8mf | AH14: Февраль | AI14: 38241 | AJ14: 8823 | AK14: 813
E15: 12 | F15: 5fe6b74bb508 | G15: prtrjg8mf | H15: Декабрь | I15: 142027 | J15: 42175 | K15: 2193 | AE15: 3 | AF15: 96afc95efd12 | AG15: prtrjg8mf | AH15: Март | AI15: 54157 | AJ15: 11297 | AK15: 711
E16: 13 | F16: 615eaaebbc6c | G16: prtr9jqee | H16: Январь | I16: 110170 | J16: 36391 | K16: 2518 | AE16: 4 | AF16: e9833306f49b | AG16: prtrjg8mf | AH16: Апрель | AI16: 22200 | AJ16: 6717 | AK16: 392
E17: 14 | F17: ff9070b12c6f | G17: prtr9jqee | H17: Февраль | I17: 98498 | J17: 33414 | K17: 1572 | AE17: 5 | AF17: f3df42649379 | AG17: prtrjg8mf | AH17: Май | AI17: 138053 | AJ17: 53787 | AK17: 2795
E18: 15 | F18: b27746d730de | G18: prtr9jqee | H18: Март | I18: 86199 | J18: 26042 | K18: 70 | AE18: 6 | AF18: fea36b22c7f4 | AG18: prtrjg8mf | AH18: Июнь | AI18: 47567 | AJ18: 18717 | AK18: 1418
E19: 16 | F19: 078d4fa15ab6 | G19: prtr9jqee | H19: Апрель | I19: 131527 | J19: 40252 | K19: 2316 | AE19: 7 | AF19: 39fe9812bfb2 | AG19: prtrjg8mf | AH19: Июль | AI19: 110416 | AJ19: 33701 | AK19: 3266
E20: 17 | F20: 8814b359d5d8 | G20: prtr9jqee | H20: Май | I20: 13856 | J20: 5067 | K20: 256 | AE20: 8 | AF20: 26b9f2986f37 | AG20: prtrjg8mf | AH20: Август | AI20: 129454 | AJ20: 30877 | AK20: 1029
E21: 18 | F21: bd5855a49924 | G21: prtr9jqee | H21: Июнь | I21: 148972 | J21: 54539 | K21: 684 | AE21: 9 | AF21: 7cfcb4c3115e | AG21: prtrjg8mf | AH21: Сентябрь | AI21: 109685 | AJ21: 40483 | AK21: 3520
E22: 19 | F22: 2e36ca7b21d3 | G22: prtr9jqee | H22: Июль | I22: 148424 | J22: 50550 | K22: 2496 | AE22: 10 | AF22: 81e231fccb15 | AG22: prtrjg8mf | AH22: Октябрь | AI22: 134341 | AJ22: 44339 | AK22: 1025
E23: 20 | F23: 29778b3d3839 | G23: prtr9jqee | H23: Август | I23: 22001 | J23: 6365 | K23: 374 | AE23: 11 | AF23: 44026375c796 | AG23: prtrjg8mf | AH23: Ноябрь | AI23: 18425 | AJ23: 4724 | AK23: 36
E24: 21 | F24: b90884d71b53 | G24: prtr9jqee | H24: Сентябрь | I24: 100226 | J24: 27633 | K24: 2725 | AE24: 12 | AF24: 5fe6b74bb508 | AG24: prtrjg8mf | AH24: Декабрь | AI24: 142027 | AJ24: 42175 | AK24: 2193
... E261: 258 | F261: 98541e947f3e | G261: prtrq48d6 | H261: Июнь | I261: 85627 | J261: 26284 | K261: 1572 | AE261: 249 | AF261: 04af38cdf3ed | AG261: prtr5li23 | AH261: Сентябрь | AI261: 99138 | AJ261: 32671 | AK261: 2591
E262: 259 | F262: 131346464827 | G262: prtrq48d6 | H262: Июль | I262: 40446 | J262: 8475 | K262: 589 | AE262: 250 | AF262: 7ade8916d5f8 | AG262: prtr5li23 | AH262: Октябрь | AI262: 98203 | AJ262: 33675 | AK262: 2361
E263: 260 | F263: 2d5fcf4add20 | G263: prtrq48d6 | H263: Август | I263: 128202 | J263: 47695 | K263: 1917 | AE263: 251 | AF263: c650b223c70f | AG263: prtr5li23 | AH263: Ноябрь | AI263: 86547 | AJ263: 28474 | AK263: 1843
E264: 261 | F264: 40cbae7ecb07 | G264: prtrq48d6 | H264: Сентябрь | I264: 103803 | J264: 32999 | K264: 1742 | AE264: 252 | AF264: 43d25410e413 | AG264: prtr5li23 | AH264: Декабрь | AI264: 135894 | AJ264: 33780 | AK264: 2008
E265: 262 | F265: 735503534afc | G265: prtrq48d6 | H265: Октябрь | I265: 137073 | J265: 49982 | K265: 647 | AE265: 253 | AF265: b9237cc57ce8 | AG265: prtrq48d6 | AH265: Январь | AI265: 99675 | AJ265: 29642 | AK265: 124
E266: 263 | F266: 571aba63c1c5 | G266: prtrq48d6 | H266: Ноябрь | I266: 85712 | J266: 21229 | K266: 1382 | AE266: 254 | AF266: 8e773aaad328 | AG266: prtrq48d6 | AH266: Февраль | AI266: 83694 | AJ266: 21543 | AK266: 133
E267: 264 | F267: c71825fa72a1 | G267: prtrq48d6 | H267: Декабрь | I267: 55117 | J267: 20733 | K267: 1216 | AE267: 255 | AF267: 5989505a0283 | AG267: prtrq48d6 | AH267: Март | AI267: 65520 | AJ267: 23883 | AK267: 1249
E268: 265 | F268: 83f9b73408dd | G268: prtrsyyx1 | H268: Январь | I268: 84981 | J268: 30858 | K268: 76 | AE268: 256 | AF268: d64d2f9de9b8 | AG268: prtrq48d6 | AH268: Апрель | AI268: 132632 | AJ268: 38951 | AK268: 821
E269: 266 | F269: 04a5817aa96b | G269: prtrsyyx1 | H269: Февраль | I269: 42256 | J269: 14032 | K269: 1049 | AE269: 257 | AF269: 4f84dbe73e58 | AG269: prtrq48d6 | AH269: Май | AI269: 65031 | AJ269: 17570 | AK269: 1317
E270: 267 | F270: 50904ff0ee30 | G270: prtrsyyx1 | H270: Март | I270: 114328 | J270: 30204 | K270: 2154 | AE270: 258 | AF270: 98541e947f3e | AG270: prtrq48d6 | AH270: Июнь | AI270: 85627 | AJ270: 26284 | AK270: 1572
E271: 268 | F271: 0f0db08ef840 | G271: prtrsyyx1 | H271: Апрель | I271: 93546 | J271: 28451 | K271: 462 | AE271: 259 | AF271: 131346464827 | AG271: prtrq48d6 | AH271: Июль | AI271: 40446 | AJ271: 8475 | AK271: 589
E272: 269 | F272: 513f9e16a72e | G272: prtrsyyx1 | H272: Май | I272: 123554 | J272: 26047 | K272: 1004 | AE272: 260 | AF272: 2d5fcf4add20 | AG272: prtrq48d6 | AH272: Август | AI272: 128202 | AJ272: 47695 | AK272: 1917
E273: 270 | F273: 24831c9c328f | G273: prtrsyyx1 | H273: Июнь | I273: 36450 | J273: 12339 | K273: 806 | AE273: 261 | AF273: 40cbae7ecb07 | AG273: prtrq48d6 | AH273: Сентябрь | AI273: 103803 | AJ273: 32999 | AK273: 1742
E274: 271 | F274: 8cadc39c5f06 | G274: prtrsyyx1 | H274: Июль | I274: 131757 | J274: 31760 | K274: 1955 | AE274: 262 | AF274: 735503534afc | AG274: prtrq48d6 | AH274: Октябрь | AI274: 137073 | AJ274: 49982 | AK274: 647
E275: 272 | F275: 56cda223ccf7 | G275: prtrsyyx1 | H275: Август | I275: 120588 | J275: 45491 | K275: 3315 | AE275: 263 | AF275: 571aba63c1c5 | AG275: prtrq48d6 | AH275: Ноябрь | AI275: 85712 | AJ275: 21229 | AK275: 1382
E276: 273 | F276: 0735a0d73046 | G276: prtrsyyx1 | H276: Сентябрь | I276: 75594 | J276: 26419 | K276: 1244 | AE276: 264 | AF276: c71825fa72a1 | AG276: prtrq48d6 | AH276: Декабрь | AI276: 55117 | AJ276: 20733 | AK276: 1216
E277: 274 | F277: 560209e462de | G277: prtrsyyx1 | H277: Октябрь | I277: 53691 | J277: 17445 | K277: 455 | AE277: 265 | AF277: 83f9b73408dd | AG277: prtrsyyx1 | AH277: Январь | AI277: 84981 | AJ277: 30858 | AK277: 76
E278: 275 | F278: 9e19c4a14337 | G278: prtrsyyx1 | H278: Ноябрь | I278: 15697 | J278: 5771 | K278: 334 | AE278: 266 | AF278: 04a5817aa96b | AG278: prtrsyyx1 | AH278: Февраль | AI278: 42256 | AJ278: 14032 | AK278: 1049
E279: 276 | F279: a0bb11cf5989 | G279: prtrsyyx1 | H279: Декабрь | I279: 100486 | J279: 20216 | K279: 817 | AE279: 267 | AF279: 50904ff0ee30 | AG279: prtrsyyx1 | AH279: Март | AI279: 114328 | AJ279: 30204 | AK279: 2154
E280: 277 | F280: 825be1e0dd58 | G280: prtrhmrcl | H280: Январь | I280: 67992 | J280: 26375 | K280: 1722 | AE280: 268 | AF280: 0f0db08ef840 | AG280: prtrsyyx1 | AH280: Апрель | AI280: 93546 | AJ280: 28451 | AK280: 462
E281: 278 | F281: 9e13810eac50 | G281: prtrhmrcl | H281: Февраль | I281: 121420 | J281: 32403 | K281: 88 | AE281: 269 | AF281: 513f9e16a72e | AG281: prtrsyyx1 | AH281: Май | AI281: 123554 | AJ281: 26047 | AK281: 1004
E282: 279 | F282: 6198e6dcb80d | G282: prtrhmrcl | H282: Март | I282: 54813 | J282: 11909 | K282: 1040 | AE282: 270 | AF282: 24831c9c328f | AG282: prtrsyyx1 | AH282: Июнь | AI282: 36450 | AJ282: 12339 | AK282: 806
E283: 280 | F283: ba53dfdd98dd | G283: prtrhmrcl | H283: Апрель | I283: 88867 | J283: 27760 | K283: 113 | AE283: 271 | AF283: 8cadc39c5f06 | AG283: prtrsyyx1 | AH283: Июль | AI283: 131757 | AJ283: 31760 | AK283: 1955
... E337: 334 | F337: 67e0935f449c | G337: prtr3r0ii | H337: Октябрь | I337: 77138 | J337: 28909 | K337: 1916 | AE337: 325 | AF337: de4fa8106bac | AG337: prtr3r0ii | AH337: Январь | AI337: 142213 | AJ337: 33345 | AK337: 955
E338: 335 | F338: 6.0293701e+105 | G338: prtr3r0ii | H338: Ноябрь | I338: 12697 | J338: 3329 | K338: 154 | AE338: 326 | AF338: b082b267df34 | AG338: prtr3r0ii | AH338: Февраль | AI338: 77063 | AJ338: 21841 | AK338: 1663
E339: 336 | F339: 09feb411e0f9 | G339: prtr3r0ii | H339: Декабрь | I339: 16054 | J339: 6128 | K339: 476 | AE339: 327 | AF339: ba02164b9bb3 | AG339: prtr3r0ii | AH339: Март | AI339: 54340 | AJ339: 19937 | AK339: 398
E340: 337 | F340: ca130ab1fe72 | G340: prtr17gzd | H340: Январь | I340: 30835 | J340: 11708 | K340: 996 | AE340: 328 | AF340: 2effb35890b8 | AG340: prtr3r0ii | AH340: Апрель | AI340: 67755 | AJ340: 20663 | AK340: 296
E341: 338 | F341: 23335c669bd8 | G341: prtr17gzd | H341: Февраль | I341: 41219 | J341: 11873 | K341: 720 | AE341: 329 | AF341: 8b88edd2439e | AG341: prtr3r0ii | AH341: Май | AI341: 130932 | AJ341: 35036 | AK341: 2543
E342: 339 | F342: 078491fc49f1 | G342: prtr17gzd | H342: Март | I342: 122290 | J342: 29023 | K342: 1600 | AE342: 330 | AF342: f1e363cab127 | AG342: prtr3r0ii | AH342: Июнь | AI342: 127437 | AJ342: 42902 | AK342: 3803
E343: 340 | F343: 43ada7002e43 | G343: prtr17gzd | H343: Апрель | I343: 13072 | J343: 4500 | K343: 230 | AE343: 331 | AF343: 075b431cbc58 | AG343: prtr3r0ii | AH343: Июль | AI343: 118625 | AJ343: 36558 | AK343: 3491
E344: 341 | F344: 432be90f4185 | G344: prtr17gzd | H344: Май | I344: 17719 | J344: 4805 | K344: 77 | AE344: 332 | AF344: 1d07cc875cb5 | AG344: prtr3r0ii | AH344: Август | AI344: 44798 | AJ344: 14378 | AK344: 1333
E345: 342 | F345: 8109031250f6 | G345: prtr17gzd | H345: Июнь | I345: 91240 | J345: 21646 | K345: 28 | AE345: 333 | AF345: 74643d29252b | AG345: prtr3r0ii | AH345: Сентябрь | AI345: 134241 | AJ345: 40229 | AK345: 834
E346: 343 | F346: a5c704844bf0 | G346: prtr17gzd | H346: Июль | I346: 26142 | J346: 9661 | K346: 158 | AE346: 334 | AF346: 67e0935f449c | AG346: prtr3r0ii | AH346: Октябрь | AI346: 77138 | AJ346: 28909 | AK346: 1916
E347: 344 | F347: 7a0f0945c0d6 | G347: prtr17gzd | H347: Август | I347: 59248 | J347: 17293 | K347: 1080 | AE347: 335 | AF347: 6.0293701e+105 | AG347: prtr3r0ii | AH347: Ноябрь | AI347: 12697 | AJ347: 3329 | AK347: 154
E348: 345 | F348: fec3d50c388f | G348: prtr17gzd | H348: Сентябрь | I348: 141244 | J348: 37896 | K348: 1806 | AE348: 336 | AF348: 09feb411e0f9 | AG348: prtr3r0ii | AH348: Декабрь | AI348: 16054 | AJ348: 6128 | AK348: 476
E349: 346 | F349: 689e6ac29e35 | G349: prtr17gzd | H349: Октябрь | I349: 118211 | J349: 27001 | K349: 2535 | AE349: 337 | AF349: ca130ab1fe72 | AG349: prtr17gzd | AH349: Январь | AI349: 30835 | AJ349: 11708 | AK349: 996
E350: 347 | F350: a9572ec97d13 | G350: prtr17gzd | H350: Ноябрь | I350: 104859 | J350: 26437 | K350: 179 | AE350: 338 | AF350: 23335c669bd8 | AG350: prtr17gzd | AH350: Февраль | AI350: 41219 | AJ350: 11873 | AK350: 720
E351: 348 | F351: bbd05e6eca22 | G351: prtr17gzd | H351: Декабрь | I351: 81175 | J351: 16884 | K351: 1583 | AE351: 339 | AF351: 078491fc49f1 | AG351: prtr17gzd | AH351: Март | AI351: 122290 | AJ351: 29023 | AK351: 1600
E352: 349 | F352: 5f5b6762e059 | G352: prtryfr9r | H352: Январь | I352: 30403 | J352: 9043 | K352: 108 | AE352: 340 | AF352: 43ada7002e43 | AG352: prtr17gzd | AH352: Апрель | AI352: 13072 | AJ352: 4500 | AK352: 230
E353: 350 | F353: cf68dec69df0 | G353: prtryfr9r | H353: Февраль | I353: 73927 | J353: 28593 | K353: 1555 | AE353: 341 | AF353: 432be90f4185 | AG353: prtr17gzd | AH353: Май | AI353: 17719 | AJ353: 4805 | AK353: 77
E354: 351 | F354: cf72bceb8408 | G354: prtryfr9r | H354: Март | I354: 25379 | J354: 5847 | K354: 451 | AE354: 342 | AF354: 8109031250f6 | AG354: prtr17gzd | AH354: Июнь | AI354: 91240 | AJ354: 21646 | AK354: 28
E355: 352 | F355: 8b19fd45b8e4 | G355: prtryfr9r | H355: Апрель | I355: 115458 | J355: 30956 | K355: 1281 | AE355: 343 | AF355: a5c704844bf0 | AG355: prtr17gzd | AH355: Июль | AI355: 26142 | AJ355: 9661 | AK355: 158
E356: 353 | F356: 463285891454 | G356: prtryfr9r | H356: Май | I356: 87254 | J356: 30841 | K356: 378 | AE356: 344 | AF356: 7a0f0945c0d6 | AG356: prtr17gzd | AH356: Август | AI356: 59248 | AJ356: 17293 | AK356: 1080
E357: 354 | F357: aae419a09b5c | G357: prtryfr9r | H357: Июнь | I357: 133104 | J357: 28288 | K357: 2750 | AE357: 345 | AF357: fec3d50c388f | AG357: prtr17gzd | AH357: Сентябрь | AI357: 141244 | AJ357: 37896 | AK357: 1806
E358: 355 | F358: 09be27609cef | G358: prtryfr9r | H358: Июль | I358: 118760 | J358: 28691 | K358: 55 | AE358: 346 | AF358: 689e6ac29e35 | AG358: prtr17gzd | AH358: Октябрь | AI358: 118211 | AJ358: 27001 | AK358: 2535
E359: 356 | F359: 236ac7e7b342 | G359: prtryfr9r | H359: Август | I359: 10141 | J359: 2628 | K359: 132 | AE359: 347 | AF359: a9572ec97d13 | AG359: prtr17gzd | AH359: Ноябрь | AI359: 104859 | AJ359: 26437 | AK359: 179
E360: 357 | F360: e848c8d42378 | G360: prtryfr9r | H360: Сентябрь | I360: 37757 | J360: 11520 | K360: 263 | AE360: 348 | AF360: bbd05e6eca22 | AG360: prtr17gzd | AH360: Декабрь | AI360: 81175 | AJ360: 16884 | AK360: 1583
E361: 358 | F361: 0380f315bd30 | G361: prtryfr9r | H361: Октябрь | I361: 75371 | J361: 16090 | K361: 800 | AE361: 349 | AF361: 5f5b6762e059 | AG361: prtryfr9r | AH361: Январь | AI361: 30403 | AJ361: 9043 | AK361: 108
E362: 359 | F362: 24eb15c5058f | G362: prtryfr9r | H362: Ноябрь | I362: 149969 | J362: 56865 | K362: 1745 | AE362: 350 | AF362: cf68dec69df0 | AG362: prtryfr9r | AH362: Февраль | AI362: 73927 | AJ362: 28593 | AK362: 1555
E363: 360 | F363: 5f1eda36a5ca | G363: prtryfr9r | H363: Декабрь | I363: 105703 | J363: 25231 | K363: 1750 | AE363: 351 | AF363: cf72bceb8408 | AG363: prtryfr9r | AH363: Март | AI363: 25379 | AJ363: 5847 | AK363: 451
E364: 361 | F364: 90549f3eef4e | G364: prtrzv8wc | H364: Январь | I364: 16892 | J364: 5922 | K364: 244 | AE364: 352 | AF364: 8b19fd45b8e4 | AG364: prtryfr9r | AH364: Апрель | AI364: 115458 | AJ364: 30956 | AK364: 1281
E365: 362 | F365: 2f37b2ea4787 | G365: prtrzv8wc | H365: Февраль | I365: 91036 | J365: 20019 | K365: 67 | AE365: 353 | AF365: 463285891454 | AG365: prtryfr9r | AH365: Май | AI365: 87254 | AJ365: 30841 | AK365: 378
E366: 363 | F366: 995310ac4626 | G366: prtrzv8wc | H366: Март | I366: 148727 | J366: 50801 | K366: 415 | AE366: 354 | AF366: aae419a09b5c | AG366: prtryfr9r | AH366: Июнь | AI366: 133104 | AJ366: 28288 | AK366: 2750
E367: 364 | F367: f10dc4f68412 | G367: prtrzv8wc | H367: Апрель | I367: 59900 | J367: 13173 | K367: 670 | AE367: 355 | AF367: 09be27609cef | AG367: prtryfr9r | AH367: Июль | AI367: 118760 | AJ367: 28691 | AK367: 55
E368: 365 | F368: 82e4cb1c444e | G368: prtrzv8wc | H368: Май | I368: 26272 | J368: 8249 | K368: 317 | AE368: 356 | AF368: 236ac7e7b342 | AG368: prtryfr9r | AH368: Август | AI368: 10141 | AJ368: 2628 | AK368: 132
E369: 366 | F369: bea0eb156ca8 | G369: prtrzv8wc | H369: Июнь | I369: 46883 | J369: 10029 | K369: 464 | AE369: 357 | AF369: e848c8d42378 | AG369: prtryfr9r | AH369: Сентябрь | AI369: 37757 | AJ369: 11520 | AK369: 263
E370: 367 | F370: 8d897430ef95 | G370: prtrzv8wc | H370: Июль | I370: 116872 | J370: 39492 | K370: 1337 | AE370: 358 | AF370: 0380f315bd30 | AG370: prtryfr9r | AH370: Октябрь | AI370: 75371 | AJ370: 16090 | AK370: 800
E371: 368 | F371: 6d895b8e421e | G371: prtrzv8wc | H371: Август | I371: 24344 | J371: 5569 | K371: 83 | AE371: 359 | AF371: 24eb15c5058f | AG371: prtryfr9r | AH371: Ноябрь | AI371: 149969 | AJ371: 56865 | AK371: 1745
E372: 369 | F372: fd143c39da74 | G372: prtrzv8wc | H372: Сентябрь | I372: 43798 | J372: 15058 | K372: 834 | AE372: 360 | AF372: 5f1eda36a5ca | AG372: prtryfr9r | AH372: Декабрь | AI372: 105703 | AJ372: 25231 | AK372: 1750
E373: 370 | F373: 1d08ff99de2d | G373: prtrzv8wc | H373: Октябрь | I373: 129068 | J373: 49347 | K373: 1365 | AE373: 361 | AF373: 90549f3eef4e | AG373: prtrzv8wc | AH373: Январь | AI373: 16892 | AJ373: 5922 | AK373: 244
E374: 371 | F374: d5c355f3a0ed | G374: prtrzv8wc | H374: Ноябрь | I374: 89640 | J374: 34676 | K374: 2302 | AE374: 362 | AF374: 2f37b2ea4787 | AG374: prtrzv8wc | AH374: Февраль | AI374: 91036 | AJ374: 20019 | AK374: 67
E375: 372 | F375: 4816940471b0 | G375: prtrzv8wc | H375: Декабрь | I375: 118732 | J375: 27049 | K375: 2321 | AE375: 363 | AF375: 995310ac4626 | AG375: prtrzv8wc | AH375: Март | AI375: 148727 | AJ375: 50801 | AK375: 415
E376: 373 | F376: 579a11a04735 | G376: prtr18c9h | H376: Январь | I376: 32506 | J376: 12941 | K376: 220 | AE376: 364 | AF376: f10dc4f68412 | AG376: prtrzv8wc | AH376: Апрель | AI376: 59900 | AJ376: 13173 | AK376: 670
E377: 374 | F377: 84cea69a912b | G377: prtr18c9h | H377: Февраль | I377: 84030 | J377: 24019 | K377: 1738 | AE377: 365 | AF377: 82e4cb1c444e | AG377: prtrzv8wc | AH377: Май | AI377: 26272 | AJ377: 8249 | AK377: 317
... E474: 471 | F474: ce8e80202706 | G474: prtrb4y7e | H474: Март | I474: 136870 | J474: 50647 | K474: 2411 | AE474: 462 | AF474: aace07c1308a | AG474: prtrxih4w | AH474: Июнь | AI474: 38935 | AJ474: 10711 | AK474: 1060
E475: 472 | F475: 465924413573 | G475: prtrb4y7e | H475: Апрель | I475: 55549 | J475: 19142 | K475: 981 | AE475: 463 | AF475: ab60be632b99 | AG475: prtrxih4w | AH475: Июль | AI475: 52514 | AJ475: 15391 | AK475: 949
E476: 473 | F476: 1650950a7d80 | G476: prtrb4y7e | H476: Май | I476: 122896 | J476: 41348 | K476: 690 | AE476: 464 | AF476: 56f173290545 | AG476: prtrxih4w | AH476: Август | AI476: 51460 | AJ476: 18842 | AK476: 29
E477: 474 | F477: c69167e397ea | G477: prtrb4y7e | H477: Июнь | I477: 136067 | J477: 34293 | K477: 779 | AE477: 465 | AF477: a50720b2afb6 | AG477: prtrxih4w | AH477: Сентябрь | AI477: 56359 | AJ477: 21641 | AK477: 1962
E478: 475 | F478: 0af18cffe7cc | G478: prtrb4y7e | H478: Июль | I478: 40615 | J478: 13089 | K478: 126 | AE478: 466 | AF478: b8942d985018 | AG478: prtrxih4w | AH478: Октябрь | AI478: 94703 | AJ478: 29784 | AK478: 339
E479: 476 | F479: 34f2ba803802 | G479: prtrb4y7e | H479: Август | I479: 20956 | J479: 7260 | K479: 565 | AE479: 467 | AF479: 99982e6d7328 | AG479: prtrxih4w | AH479: Ноябрь | AI479: 113382 | AJ479: 36766 | AK479: 1562
E480: 477 | F480: 832f02095be5 | G480: prtrb4y7e | H480: Сентябрь | I480: 99192 | J480: 36770 | K480: 3025 | AE480: 468 | AF480: e16f5df7937c | AG480: prtrxih4w | AH480: Декабрь | AI480: 129530 | AJ480: 51356 | AK480: 848
E481: 478 | F481: 5ed52a2ae797 | G481: prtrb4y7e | H481: Октябрь | I481: 127885 | J481: 29512 | K481: 554 | AE481: 469 | AF481: 3b131e3393ba | AG481: prtrb4y7e | AH481: Январь | AI481: 43046 | AJ481: 11018 | AK481: 980
E482: 479 | F482: c4950faa07e8 | G482: prtrb4y7e | H482: Ноябрь | I482: 106196 | J482: 27038 | K482: 926 | AE482: 470 | AF482: f5be8eb820dd | AG482: prtrb4y7e | AH482: Февраль | AI482: 75386 | AJ482: 20700 | AK482: 274
E483: 480 | F483: 867763a812ba | G483: prtrb4y7e | H483: Декабрь | I483: 83124 | J483: 32028 | K483: 659 | AE483: 471 | AF483: ce8e80202706 | AG483: prtrb4y7e | AH483: Март | AI483: 136870 | AJ483: 50647 | AK483: 2411
E484: 481 | F484: 1e71edb01773 | G484: prtr22ttc | H484: Январь | I484: 101643 | J484: 26845 | K484: 1423 | AE484: 472 | AF484: 465924413573 | AG484: prtrb4y7e | AH484: Апрель | AI484: 55549 | AJ484: 19142 | AK484: 981
E485: 482 | F485: 22d296521bea | G485: prtr22ttc | H485: Февраль | I485: 74732 | J485: 26608 | K485: 2317 | AE485: 473 | AF485: 1650950a7d80 | AG485: prtrb4y7e | AH485: Май | AI485: 122896 | AJ485: 41348 | AK485: 690
E486: 483 | F486: 648ee1eb86f3 | G486: prtr22ttc | H486: Март | I486: 44785 | J486: 10281 | K486: 298 | AE486: 474 | AF486: c69167e397ea | AG486: prtrb4y7e | AH486: Июнь | AI486: 136067 | AJ486: 34293 | AK486: 779
E487: 484 | F487: cd3bbafb7849 | G487: prtr22ttc | H487: Апрель | I487: 46568 | J487: 15846 | K487: 940 | AE487: 475 | AF487: 0af18cffe7cc | AG487: prtrb4y7e | AH487: Июль | AI487: 40615 | AJ487: 13089 | AK487: 126
...

Sheet Справка
D7: Синтаксис и применение функций ссылок и массивов из официального источника
