Workbook

Sheet Тема урока
A32: 1
A66: 1
A99: 1

Sheet Выполнить
M5: Январь | P5: Beauty | AU5: Year | AV5: 2023 | BD5: Январь | BG5: Beauty
M6: Февраль | P6: Electronics | AU6: Month | AV6: Май | BD6: Февраль | BG6: Electronics
M7: Март | P7: Clothing | AU7: Product Category | AV7: Beauty | BD7: Март | BG7: Clothing
M8: Апрель | BD8: Апрель
M9: Май | AU9: Sales Volume | AV9: {=SUMPRODUCT((Продажи!$G$9:$G$2004=Выполнить!$AV$5)*(Продажи!$H$9:$H$2004=Выполнить!$AV$6)*(Продажи!$K$9:$K$2004=Выполнить!$AV$7)*(Продажи!$L$9:$L$2004*Продажи!$M$9:$M$2004))} -> 12450 | BD9: Май
G10: Year | H10: 2024 | M10: Июнь | AU10: Проверка 1 | AV10: =SUMIFS(Продажи!N:N,Продажи!G:G,Выполнить!AV5,Продажи!H:H,Выполнить!AV6,Продажи!K:K,Выполнить!AV7) -> 12450 | BD10: Июнь
G11: Month | H11: Июнь | M11: Июль | AU11: Проверка 2 | AV11: {=SUM((Продажи!$G$9:$G$2004=Выполнить!$AV$5)*(Продажи!$H$9:$H$2004=Выполнить!$AV$6)*(Продажи!$K$9:$K$2004=Выполнить!$AV$7)*(Продажи!L9:L2004*Продажи!M9:M2004))} -> 12450 | AW11: {=SUM((Продажи!$G$9:$G$2004=Выполнить!$AV$5)*(Продажи!$H$9:$H$2004=Выполнить!$AV$6)*(Продажи!$K$9:$K$2004=Выполнить!$AV$7)*(Продажи!L9:L2004*Продажи!M9:M2004))} -> 12450 | BD11: Июль
G12: Product Category | H12: Electronics | M12: Август | BD12: Август
M13: Сентябрь | AU13: Total Quantity | AV13: {=SUMPRODUCT((Продажи!$G$9:$G$2004=Выполнить!$AV$5)*(Продажи!$H$9:$H$2004=Выполнить!$AV$6)*(Продажи!$K$9:$K$2004=Выполнить!$AV$7)*(Продажи!$L$9:$L$2004))} -> 65 | BD13: Сентябрь
G14: Sales Volume | H14: =SUMPRODUCT((Продажи_отчет!$G$9:$G$2004=Выполнить!$H$10)*(Продажи_отчет!$H$9:$H$2004=Выполнить!$H$11)*(Продажи_отчет!$K$9:$K$2004=Выполнить!$H$12)*(Продажи_отчет!$L$9:$L$2004*Продажи_отчет!$M$9:$M$2004)) -> 33973 | I14: {=SUM((Продажи_отчет!$G$9:$G$2004=Выполнить!$H$10)*(Продажи_отчет!$H$9:$H$2004=Выполнить!$H$11)*(Продажи_отчет!$K$9:$K$2004=Выполнить!$H$12)*(Продажи_отчет!$L$9:$L$2004*Продажи_отчет!$M$9:$M$2004))} -> 33973 | M14: Октябрь | AU14: Проверка 1 | AV14: =SUMIFS(Продажи!L:L,Продажи!G:G,Выполнить!AV5,Продажи!H:H,Выполнить!AV6,Продажи!K:K,Выполнить!AV7) -> 65 | BD14: Октябрь
G15: Total Quantity | H15: =SUMPRODUCT((Продажи_отчет!$G$9:$G$2004=Выполнить!$H$10)*(Продажи_отчет!$H$9:$H$2004=Выполнить!$H$11)*(Продажи_отчет!$K$9:$K$2004=Выполнить!$H$12)*(Продажи_отчет!$L$9:$L$2004)) -> 116 | I15: {=SUM((Продажи_отчет!$G$9:$G$2004=Выполнить!$H$10)*(Продажи_отчет!$H$9:$H$2004=Выполнить!$H$11)*(Продажи_отчет!$K$9:$K$2004=Выполнить!$H$12)*(Продажи_отчет!$L$9:$L$2004))} -> 116 | M15: Ноябрь | BD15: Ноябрь
M16: Декабрь | BD16: Декабрь

Sheet Продажи_отчет
E8: Transaction ID | F8: Date | G8: Year | H8: Month | I8: Gender | J8: Age | K8: Product Category | L8: Quantity | M8: Price per Unit
E9: 35 | F9: 45143 | G9: 2023 | H9: Август | I9: Female | J9: 58 | K9: Beauty | L9: 3 | M9: 300
E10: 522 | F10: 45193 | G10: 2023 | H10: Сентябрь | I10: Female | J10: 62 | K10: Electronics | L10: 1 | M10: 300
E11: 1610 | F11: 45405 | G11: 2024 | H11: Апрель | I11: Female | J11: 54 | K11: Clothing | L11: 5 | M11: 190
E12: 1179 | F12: 45599 | G12: 2024 | H12: Ноябрь | I12: Male | J12: 47 | K12: Electronics | L12: 5 | M12: 286
E13: 22 | F13: 45214 | G13: 2023 | H13: Октябрь | I13: Male | J13: 18 | K13: Clothing | L13: 2 | M13: 50
E14: 536 | F14: 45080 | G14: 2023 | H14: Июнь | I14: Female | J14: 21 | K14: Beauty | L14: 1 | M14: 500
E15: 1617 | F15: 45420 | G15: 2024 | H15: Май | I15: Male | J15: 53 | K15: Electronics | L15: 3 | M15: 474
E16: 347 | F16: 45263 | G16: 2023 | H16: Декабрь | I16: Female | J16: 35 | K16: Electronics | L16: 2 | M16: 300
E17: 1782 | F17: 45582 | G17: 2024 | H17: Октябрь | I17: Male | J17: 59 | K17: Clothing | L17: 5 | M17: 97
E18: 1148 | F18: 45297 | G18: 2024 | H18: Январь | I18: Female | J18: 24 | K18: Electronics | L18: 1 | M18: 227
E19: 1180 | F19: 45458 | G19: 2024 | H19: Июнь | I19: Male | J19: 37 | K19: Beauty | L19: 2 | M19: 128
E20: 1305 | F20: 45509 | G20: 2024 | H20: Август | I20: Female | J20: 19 | K20: Beauty | L20: 6 | M20: 125
... E2004: 1598 | F2004: 45392 | G2004: 2024 | H2004: Апрель | I2004: Male | J2004: 59 | K2004: Clothing | L2004: 2 | M2004: 392
E2005: Итог | M2005: =SUBTOTAL(109,Продажи_отчет!$M$9:$M$2004) -> 438787

Sheet Продажи
P2: 1 вар | Q2: =SUM(N9:N2004) -> 1481872
L3: =_xlfn.AGGREGATE(9,1,L9:L2004) -> 6480 | M3: =_xlfn.AGGREGATE(9,1,M9:M2004) -> 438787 | N3: =_xlfn.AGGREGATE(9,1,N9:N2004) -> 1481872 | P3: 2 вар | Q3: =SUMPRODUCT(L9:L2004,M9:M2004) -> 1481872
P4: 3 вар | Q4: {=SUM(L9:L2004*M9:M2004)} -> 1481872
E8: Transaction ID | F8: Date | G8: Year | H8: Month | I8: Gender | J8: Age | K8: Product Category | L8: Quantity | M8: Price per Unit
E9: 35 | F9: 45143 | G9: =YEAR(F9) -> 2023 | H9: =TEXT(F9,"ММММ") -> Август | I9: Female | J9: 58 | K9: Beauty | L9: 3 | M9: 300 | N9: =L9*M9 -> 900
E10: 522 | F10: 45193 | G10: =YEAR(F10) -> 2023 | H10: =TEXT(F10,"ММММ") -> Сентябрь | I10: Female | J10: 62 | K10: Electronics | L10: 1 | M10: 300 | N10: =L10*M10 -> 300
E11: 1610 | F11: 45405 | G11: =YEAR(F11) -> 2024 | H11: =TEXT(F11,"ММММ") -> Апрель | I11: Female | J11: 54 | K11: Clothing | L11: 5 | M11: 190 | N11: =L11*M11 -> 950
E12: 1179 | F12: 45599 | G12: =YEAR(F12) -> 2024 | H12: =TEXT(F12,"ММММ") -> Ноябрь | I12: Male | J12: 47 | K12: Electronics | L12: 5 | M12: 286 | N12: =L12*M12 -> 1430
E13: 22 | F13: 45214 | G13: =YEAR(F13) -> 2023 | H13: =TEXT(F13,"ММММ") -> Октябрь | I13: Male | J13: 18 | K13: Clothing | L13: 2 | M13: 50 | N13: =L13*M13 -> 100
E14: 536 | F14: 45080 | G14: =YEAR(F14) -> 2023 | H14: =TEXT(F14,"ММММ") -> Июнь | I14: Female | J14: 21 | K14: Beauty | L14: 1 | M14: 500 | N14: =L14*M14 -> 500
E15: 1617 | F15: 45420 | G15: =YEAR(F15) -> 2024 | H15: =TEXT(F15,"ММММ") -> Май | I15: Male | J15: 53 | K15: Electronics | L15: 3 | M15: 474 | N15: =L15*M15 -> 1422
E16: 347 | F16: 45263 | G16: =YEAR(F16) -> 2023 | H16: =TEXT(F16,"ММММ") -> Декабрь | I16: Female | J16: 35 | K16: Electronics | L16: 2 | M16: 300 | N16: =L16*M16 -> 600
E17: 1782 | F17: 45582 | G17: =YEAR(F17) -> 2024 | H17: =TEXT(F17,"ММММ") -> Октябрь | I17: Male | J17: 59 | K17: Clothing | L17: 5 | M17: 97 | N17: =L17*M17 -> 485
E18: 1148 | F18: 45297 | G18: =YEAR(F18) -> 2024 | H18: =TEXT(F18,"ММММ") -> Январь | I18: Female | J18: 24 | K18: Electronics | L18: 1 | M18: 227 | N18: =L18*M18 -> 227
E19: 1180 | F19: 45458 | G19: =YEAR(F19) -> 2024 | H19: =TEXT(F19,"ММММ") -> Июнь | I19: Male | J19: 37 | K19: Beauty | L19: 2 | M19: 128 | N19: =L19*M19 -> 256
E20: 1305 | F20: 45509 | G20: =YEAR(F20) -> 2024 | H20: =TEXT(F20,"ММММ") -> Август | I20: Female | J20: 19 | K20: Beauty | L20: 6 | M20: 125 | N20: =L20*M20 -> 750
... E2004: 1598 | F2004: 45392 | G2004: =YEAR(F2004) -> 2024 | H2004: =TEXT(F2004,"ММММ") -> Апрель | I2004: Male | J2004: 59 | K2004: Clothing | L2004: 2 | M2004: 392 | N2004: =L2004*M2004 -> 784

Sheet Справка
D7: Синтаксис и применение функций ссылок и массивов из официального источника
