Workbook

Sheet Тема урока
A32: 1
A66: 1
A99: 1

Sheet Выполнить
AZ4: Партнер | BA4: Просмотры | BB4: Клики | BC4: Транзакции | CG4: Партнер | CH4: Просмотры | CI4: Клики | CJ4: Транзакции
AZ5: FinBoost Systems | BA5: =SUMIFS(Отчет!G:G,Отчет!$E:$E,Выполнить!$AZ5) -> 625411 | BB5: =SUMIFS(Отчет!H:H,Отчет!$E:$E,Выполнить!$AZ5) -> 201590 | BC5: =SUMIFS(Отчет!I:I,Отчет!$E:$E,Выполнить!$AZ5) -> 9500 | CG5: FinBoost Systems | CH5: =SUMIFS(Отчет!G:G,Отчет!$E:$E,$CG5) -> 625411 | CI5: =SUMIFS(Отчет!H:H,Отчет!$E:$E,$CG5) -> 201590 | CJ5: =SUMIFS(Отчет!I:I,Отчет!$E:$E,$CG5) -> 9500
AZ6: FinBright Solutions (FBS) | BA6: =SUMIFS(Отчет!G:G,Отчет!$E:$E,Выполнить!$AZ6) -> 847254 | BB6: =SUMIFS(Отчет!H:H,Отчет!$E:$E,Выполнить!$AZ6) -> 218727 | BC6: =SUMIFS(Отчет!I:I,Отчет!$E:$E,Выполнить!$AZ6) -> 10992 | BF6: Метрика | BG6: Просмотры | CG6: FinBright Solutions (FBS) | CH6: =SUMIFS(Отчет!G:G,Отчет!$E:$E,$CG6) -> 847254 | CI6: =SUMIFS(Отчет!H:H,Отчет!$E:$E,$CG6) -> 218727 | CJ6: =SUMIFS(Отчет!I:I,Отчет!$E:$E,$CG6) -> 10992 | CM6: Метрика | CN6: Клики
AZ7: FinEdge Solutions (FES) | BA7: =SUMIFS(Отчет!G:G,Отчет!$E:$E,Выполнить!$AZ7) -> 923517 | BB7: =SUMIFS(Отчет!H:H,Отчет!$E:$E,Выполнить!$AZ7) -> 270630 | BC7: =SUMIFS(Отчет!I:I,Отчет!$E:$E,Выполнить!$AZ7) -> 12158 | BF7: Агрегация | BG7: AVG | BH7: =IF(BG7="MAX",1,IF(BG7="MIN",2,3)) -> 3 | CG7: FinEdge Solutions (FES) | CH7: =SUMIFS(Отчет!G:G,Отчет!$E:$E,$CG7) -> 923517 | CI7: =SUMIFS(Отчет!H:H,Отчет!$E:$E,$CG7) -> 270630 | CJ7: =SUMIFS(Отчет!I:I,Отчет!$E:$E,$CG7) -> 12158 | CM7: Агрегация | CN7: AVG | CO7: =IF(CN7="MAX",1,IF(CN7="MIN",2,3)) -> 3
F8: Партнер | G8: Просмотры | H8: Клики | I8: Транзакции | M8: Метрика | N8: Просмотры | AZ8: FinFlow Technologies | BA8: =SUMIFS(Отчет!G:G,Отчет!$E:$E,Выполнить!$AZ8) -> 1009973 | BB8: =SUMIFS(Отчет!H:H,Отчет!$E:$E,Выполнить!$AZ8) -> 311352 | BC8: =SUMIFS(Отчет!I:I,Отчет!$E:$E,Выполнить!$AZ8) -> 15740 | CG8: FinFlow Technologies | CH8: =SUMIFS(Отчет!G:G,Отчет!$E:$E,$CG8) -> 1009973 | CI8: =SUMIFS(Отчет!H:H,Отчет!$E:$E,$CG8) -> 311352 | CJ8: =SUMIFS(Отчет!I:I,Отчет!$E:$E,$CG8) -> 15740
F9: FinBoost Systems | G9: =SUMIFS(Отчет!G:G,Отчет!$E:$E,Выполнить!$F9) -> 625411 | H9: =SUMIFS(Отчет!H:H,Отчет!$E:$E,Выполнить!$F9) -> 201590 | I9: =SUMIFS(Отчет!I:I,Отчет!$E:$E,Выполнить!$F9) -> 9500 | M9: Агрегация | N9: SUM | O9: =_xlfn.IFS($N$9="SUM",1,$N$9="MAX",2,$N$9="MIN",3) -> 1 | AZ9: FinGo Analytics | BA9: =SUMIFS(Отчет!G:G,Отчет!$E:$E,Выполнить!$AZ9) -> 992928 | BB9: =SUMIFS(Отчет!H:H,Отчет!$E:$E,Выполнить!$AZ9) -> 289033 | BC9: =SUMIFS(Отчет!I:I,Отчет!$E:$E,Выполнить!$AZ9) -> 13671 | CG9: FinGo Analytics | CH9: =SUMIFS(Отчет!G:G,Отчет!$E:$E,$CG9) -> 992928 | CI9: =SUMIFS(Отчет!H:H,Отчет!$E:$E,$CG9) -> 289033 | CJ9: =SUMIFS(Отчет!I:I,Отчет!$E:$E,$CG9) -> 13671
F10: FinBright Solutions (FBS) | G10: =SUMIFS(Отчет!G:G,Отчет!$E:$E,Выполнить!$F10) -> 847254 | H10: =SUMIFS(Отчет!H:H,Отчет!$E:$E,Выполнить!$F10) -> 218727 | I10: =SUMIFS(Отчет!I:I,Отчет!$E:$E,Выполнить!$F10) -> 10992 | AZ10: FinGrow Analytics | BA10: =SUMIFS(Отчет!G:G,Отчет!$E:$E,Выполнить!$AZ10) -> 775971 | BB10: =SUMIFS(Отчет!H:H,Отчет!$E:$E,Выполнить!$AZ10) -> 203264 | BC10: =SUMIFS(Отчет!I:I,Отчет!$E:$E,Выполнить!$AZ10) -> 10722 | BF10: Результат | BG10: =CHOOSE(BH7,MAX(CHOOSE(MATCH(BG6,BA4:BC4,0),BA5:BA17,BB5:BB17,BC5:BC17)), MIN(CHOOSE(MATCH(BG6,BA4:BC4,0),BA5:BA17,BB5:BB17,BC5:BC17)), AVERAGE(CHOOSE(MATCH(BG6,BA4:BC4,0),BA5:BA17,BB5:BB17,BC5:BC17))) -> 885919.23 | CG10: FinGrow Analytics | CH10: =SUMIFS(Отчет!G:G,Отчет!$E:$E,$CG10) -> 775971 | CI10: =SUMIFS(Отчет!H:H,Отчет!$E:$E,$CG10) -> 203264 | CJ10: =SUMIFS(Отчет!I:I,Отчет!$E:$E,$CG10) -> 10722 | CM10: Результат | CN10: =CHOOSE(CO7,MAX(CHOOSE(MATCH(CN6,CH4:CJ4,0),CH5:CH17,CI5:CI17,CJ5:CJ17)), MIN(CHOOSE(MATCH(CN6,CH4:CJ4,0),CH5:CH17,CI5:CI17,CJ5:CJ17)), AVERAGE(CHOOSE(MATCH(CN6,CH4:CJ4,0),CH5:CH17,CI5:CI17,CJ5:CJ17))) -> 264679.46
F11: FinEdge Solutions (FES) | G11: =SUMIFS(Отчет!G:G,Отчет!$E:$E,Выполнить!$F11) -> 923517 | H11: =SUMIFS(Отчет!H:H,Отчет!$E:$E,Выполнить!$F11) -> 270630 | I11: =SUMIFS(Отчет!I:I,Отчет!$E:$E,Выполнить!$F11) -> 12158 | AZ11: FinKey Dynamics | BA11: =SUMIFS(Отчет!G:G,Отчет!$E:$E,Выполнить!$AZ11) -> 733218 | BB11: =SUMIFS(Отчет!H:H,Отчет!$E:$E,Выполнить!$AZ11) -> 245205 | BC11: =SUMIFS(Отчет!I:I,Отчет!$E:$E,Выполнить!$AZ11) -> 10704 | CG11: FinKey Dynamics | CH11: =SUMIFS(Отчет!G:G,Отчет!$E:$E,$CG11) -> 733218 | CI11: =SUMIFS(Отчет!H:H,Отчет!$E:$E,$CG11) -> 245205 | CJ11: =SUMIFS(Отчет!I:I,Отчет!$E:$E,$CG11) -> 10704
F12: FinFlow Technologies | G12: =SUMIFS(Отчет!G:G,Отчет!$E:$E,Выполнить!$F12) -> 1009973 | H12: =SUMIFS(Отчет!H:H,Отчет!$E:$E,Выполнить!$F12) -> 311352 | I12: =SUMIFS(Отчет!I:I,Отчет!$E:$E,Выполнить!$F12) -> 15740 | M12: Результат | N12: =CHOOSE($O$9,SUM(CHOOSE(MATCH($N$8,$G$8:$I$8,0),$G$9:$G$21,$H$9:$H$21,$I$9:$I$21)), MAX(CHOOSE(MATCH($N$8,$G$8:$I$8,0),$G$9:$G$21,$H$9:$H$21,$I$9:$I$21)), MIN(CHOOSE(MATCH($N$8,$G$8:$I$8,0),$G$9:$G$21,$H$9:$H$21,$I$9:$I$21))) -> 11516950 | AZ12: FinLink Innovations | BA12: =SUMIFS(Отчет!G:G,Отчет!$E:$E,Выполнить!$AZ12) -> 1060266 | BB12: =SUMIFS(Отчет!H:H,Отчет!$E:$E,Выполнить!$AZ12) -> 320950 | BC12: =SUMIFS(Отчет!I:I,Отчет!$E:$E,Выполнить!$AZ12) -> 13521 | CG12: FinLink Innovations | CH12: =SUMIFS(Отчет!G:G,Отчет!$E:$E,$CG12) -> 1060266 | CI12: =SUMIFS(Отчет!H:H,Отчет!$E:$E,$CG12) -> 320950 | CJ12: =SUMIFS(Отчет!I:I,Отчет!$E:$E,$CG12) -> 13521
F13: FinGo Analytics | G13: =SUMIFS(Отчет!G:G,Отчет!$E:$E,Выполнить!$F13) -> 992928 | H13: =SUMIFS(Отчет!H:H,Отчет!$E:$E,Выполнить!$F13) -> 289033 | I13: =SUMIFS(Отчет!I:I,Отчет!$E:$E,Выполнить!$F13) -> 13671 | AZ13: FinOptim Strategies | BA13: =SUMIFS(Отчет!G:G,Отчет!$E:$E,Выполнить!$AZ13) -> 891634 | BB13: =SUMIFS(Отчет!H:H,Отчет!$E:$E,Выполнить!$AZ13) -> 259920 | BC13: =SUMIFS(Отчет!I:I,Отчет!$E:$E,Выполнить!$AZ13) -> 11903 | CG13: FinOptim Strategies | CH13: =SUMIFS(Отчет!G:G,Отчет!$E:$E,$CG13) -> 891634 | CI13: =SUMIFS(Отчет!H:H,Отчет!$E:$E,$CG13) -> 259920 | CJ13: =SUMIFS(Отчет!I:I,Отчет!$E:$E,$CG13) -> 11903 | CM13: Результат | CN13: =IFERROR(CHOOSE(CO13,SUM(CHOOSE(MATCH(CN6,CH4:CJ4,0),CH5:CH17,CI5:CI17,CJ5:CJ17)), MAX(CHOOSE(MATCH(CN6,CH4:CJ4,0),CH5:CH17,CI5:CI17,CJ5:CJ17)), MIN(CHOOSE(MATCH(CN6,CH4:CJ4,0),CH5:CH17,CI5:CI17,CJ5:CJ17))), "Выбери ОДИН вариант агрегации") -> 3440833 | CO13: =IF(CP17=TRUE,1,IF(CP18=TRUE,2,IF(CP19=TRUE,3,4))) -> 1 | CP13: =IF(CP17=TRUE,1,IF(CP18=TRUE,2,3)) -> 1
F14: FinGrow Analytics | G14: =SUMIFS(Отчет!G:G,Отчет!$E:$E,Выполнить!$F14) -> 775971 | H14: =SUMIFS(Отчет!H:H,Отчет!$E:$E,Выполнить!$F14) -> 203264 | I14: =SUMIFS(Отчет!I:I,Отчет!$E:$E,Выполнить!$F14) -> 10722 | AZ14: FinScale Strategies | BA14: =SUMIFS(Отчет!G:G,Отчет!$E:$E,Выполнить!$AZ14) -> 928314 | BB14: =SUMIFS(Отчет!H:H,Отчет!$E:$E,Выполнить!$AZ14) -> 277225 | BC14: =SUMIFS(Отчет!I:I,Отчет!$E:$E,Выполнить!$AZ14) -> 11159 | CG14: FinScale Strategies | CH14: =SUMIFS(Отчет!G:G,Отчет!$E:$E,$CG14) -> 928314 | CI14: =SUMIFS(Отчет!H:H,Отчет!$E:$E,$CG14) -> 277225 | CJ14: =SUMIFS(Отчет!I:I,Отчет!$E:$E,$CG14) -> 11159
F15: FinKey Dynamics | G15: =SUMIFS(Отчет!G:G,Отчет!$E:$E,Выполнить!$F15) -> 733218 | H15: =SUMIFS(Отчет!H:H,Отчет!$E:$E,Выполнить!$F15) -> 245205 | I15: =SUMIFS(Отчет!I:I,Отчет!$E:$E,Выполнить!$F15) -> 10704 | AZ15: FinSphere Technologies | BA15: =SUMIFS(Отчет!G:G,Отчет!$E:$E,Выполнить!$AZ15) -> 802727 | BB15: =SUMIFS(Отчет!H:H,Отчет!$E:$E,Выполнить!$AZ15) -> 229991 | BC15: =SUMIFS(Отчет!I:I,Отчет!$E:$E,Выполнить!$AZ15) -> 10491 | CG15: FinSphere Technologies | CH15: =SUMIFS(Отчет!G:G,Отчет!$E:$E,$CG15) -> 802727 | CI15: =SUMIFS(Отчет!H:H,Отчет!$E:$E,$CG15) -> 229991 | CJ15: =SUMIFS(Отчет!I:I,Отчет!$E:$E,$CG15) -> 10491
F16: FinLink Innovations | G16: =SUMIFS(Отчет!G:G,Отчет!$E:$E,Выполнить!$F16) -> 1060266 | H16: =SUMIFS(Отчет!H:H,Отчет!$E:$E,Выполнить!$F16) -> 320950 | I16: =SUMIFS(Отчет!I:I,Отчет!$E:$E,Выполнить!$F16) -> 13521 | N16: 1 | AZ16: FinSync Dynamics | BA16: =SUMIFS(Отчет!G:G,Отчет!$E:$E,Выполнить!$AZ16) -> 853523 | BB16: =SUMIFS(Отчет!H:H,Отчет!$E:$E,Выполнить!$AZ16) -> 269928 | BC16: =SUMIFS(Отчет!I:I,Отчет!$E:$E,Выполнить!$AZ16) -> 15689 | CG16: FinSync Dynamics | CH16: =SUMIFS(Отчет!G:G,Отчет!$E:$E,$CG16) -> 853523 | CI16: =SUMIFS(Отчет!H:H,Отчет!$E:$E,$CG16) -> 269928 | CJ16: =SUMIFS(Отчет!I:I,Отчет!$E:$E,$CG16) -> 15689
F17: FinOptim Strategies | G17: =SUMIFS(Отчет!G:G,Отчет!$E:$E,Выполнить!$F17) -> 891634 | H17: =SUMIFS(Отчет!H:H,Отчет!$E:$E,Выполнить!$F17) -> 259920 | I17: =SUMIFS(Отчет!I:I,Отчет!$E:$E,Выполнить!$F17) -> 11903 | AZ17: FinTech Hub | BA17: =SUMIFS(Отчет!G:G,Отчет!$E:$E,Выполнить!$AZ17) -> 1072214 | BB17: =SUMIFS(Отчет!H:H,Отчет!$E:$E,Выполнить!$AZ17) -> 343018 | BC17: =SUMIFS(Отчет!I:I,Отчет!$E:$E,Выполнить!$AZ17) -> 13937 | CG17: FinTech Hub | CH17: =SUMIFS(Отчет!G:G,Отчет!$E:$E,$CG17) -> 1072214 | CI17: =SUMIFS(Отчет!H:H,Отчет!$E:$E,$CG17) -> 343018 | CJ17: =SUMIFS(Отчет!I:I,Отчет!$E:$E,$CG17) -> 13937 | CO17: SUM | CP17: TRUE
F18: FinScale Strategies | G18: =SUMIFS(Отчет!G:G,Отчет!$E:$E,Выполнить!$F18) -> 928314 | H18: =SUMIFS(Отчет!H:H,Отчет!$E:$E,Выполнить!$F18) -> 277225 | I18: =SUMIFS(Отчет!I:I,Отчет!$E:$E,Выполнить!$F18) -> 11159 | CO18: MAX | CP18: FALSE
F19: FinSphere Technologies | G19: =SUMIFS(Отчет!G:G,Отчет!$E:$E,Выполнить!$F19) -> 802727 | H19: =SUMIFS(Отчет!H:H,Отчет!$E:$E,Выполнить!$F19) -> 229991 | I19: =SUMIFS(Отчет!I:I,Отчет!$E:$E,Выполнить!$F19) -> 10491 | CO19: MIN | CP19: FALSE
F20: FinSync Dynamics | G20: =SUMIFS(Отчет!G:G,Отчет!$E:$E,Выполнить!$F20) -> 853523 | H20: =SUMIFS(Отчет!H:H,Отчет!$E:$E,Выполнить!$F20) -> 269928 | I20: =SUMIFS(Отчет!I:I,Отчет!$E:$E,Выполнить!$F20) -> 15689
F21: FinTech Hub | G21: =SUMIFS(Отчет!G:G,Отчет!$E:$E,Выполнить!$F21) -> 1072214 | H21: =SUMIFS(Отчет!H:H,Отчет!$E:$E,Выполнить!$F21) -> 343018 | I21: =SUMIFS(Отчет!I:I,Отчет!$E:$E,Выполнить!$F21) -> 13937 | M21: Результат | N21: =CHOOSE($N$16,SUM(CHOOSE(MATCH($N$8,$G$8:$I$8,0),$G$9:$G$21,$H$9:$H$21,$I$9:$I$21)), MAX(CHOOSE(MATCH($N$8,$G$8:$I$8,0),$G$9:$G$21,$H$9:$H$21,$I$9:$I$21)), MIN(CHOOSE(MATCH($N$8,$G$8:$I$8,0),$G$9:$G$21,$H$9:$H$21,$I$9:$I$21))) -> 11516950

Sheet Отчет
E3: Партнер | F3: Месяц | G3: Просмотры | H3: Клики | I3: Транзакции
E4: EcomMark Solutions | F4: Январь | G4: 148483 | H4: 33258 | I4: 2834
E5: EcomMark Solutions | F5: Февраль | G5: 38241 | H5: 8823 | I5: 813
E6: EcomMark Solutions | F6: Март | G6: 54157 | H6: 11297 | I6: 711
E7: EcomMark Solutions | F7: Апрель | G7: 22200 | H7: 6717 | I7: 392
E8: EcomMark Solutions | F8: Май | G8: 138053 | H8: 53787 | I8: 2795
E9: EcomMark Solutions | F9: Июнь | G9: 47567 | H9: 18717 | I9: 1418
E10: EcomMark Solutions | F10: Июль | G10: 110416 | H10: 33701 | I10: 3266
E11: EcomMark Solutions | F11: Август | G11: 129454 | H11: 30877 | I11: 1029
E12: EcomMark Solutions | F12: Сентябрь | G12: 109685 | H12: 40483 | I12: 3520
E13: EcomMark Solutions | F13: Октябрь | G13: 134341 | H13: 44339 | I13: 1025
E14: EcomMark Solutions | F14: Ноябрь | G14: 18425 | H14: 4724 | I14: 36
E15: EcomMark Solutions | F15: Декабрь | G15: 142027 | H15: 42175 | I15: 2193
... E603: PayWave Solutions | F603: Декабрь | G603: 41678 | H603: 8794 | I603: 27

Sheet Справка
D7: Синтаксис и применение функций ссылок и массивов из официального источника
