Workbook

Sheet Тема урока
A32: 1
A66: 1
A99: 1

Sheet Выполнить
L2: # | M2: City | N2: Sales Price | O2: Quantity | P2: Sales Voiume
J3: Akron | L3: =ROW(L3)-2 -> 1 | M3: Arvada | N3: =AVERAGEIF(Sales!$E$2:$E$501,Выполнить!$M3,Sales!$J$2:$J$501) -> 125.85 | O3: =SUMPRODUCT((Sales!$E$2:$E$501=Выполнить!$M3)*Sales!$K$2:$K$501) -> 10 | P3: =SUMPRODUCT((Sales!$E$2:$E$501=Выполнить!$M3)*(Sales!$K$2:$K$501*Sales!$J$2:$J$501)) -> 1028.104
J4: Amarillo | L4: =ROW(L4)-2 -> 2 | M4: Rochester | N4: =AVERAGEIF(Sales!$E$2:$E$501,Выполнить!$M4,Sales!$J$2:$J$501) -> 102.058 | O4: =SUMPRODUCT((Sales!$E$2:$E$501=Выполнить!$M4)*Sales!$K$2:$K$501) -> 15 | P4: =SUMPRODUCT((Sales!$E$2:$E$501=Выполнить!$M4)*(Sales!$K$2:$K$501)*(Sales!$J$2:$J$501)) -> 2406.95
J5: Arlington | L5: =ROW(L5)-2 -> 3 | M5: Charlotte | N5: =AVERAGEIF(Sales!$E$2:$E$501,Выполнить!$M5,Sales!$J$2:$J$501) -> 32.0592 | O5: =SUMPRODUCT((Sales!$E$2:$E$501=Выполнить!$M5)*Sales!$K$2:$K$501) -> 22 | P5: =SUMPRODUCT((Sales!$E$2:$E$501=Выполнить!$M5)*(Sales!$K$2:$K$501)*(Sales!$J$2:$J$501)) -> 935.928
J6: Arvada | L6: =ROW(L6)-2 -> 4 | M6: Austin | N6: =AVERAGEIF(Sales!$E$2:$E$501,Выполнить!$M6,Sales!$J$2:$J$501) -> 88.8 | O6: =SUMPRODUCT((Sales!$E$2:$E$501=Выполнить!$M6)*Sales!$K$2:$K$501) -> 4 | P6: =SUMPRODUCT((Sales!$E$2:$E$501=Выполнить!$M6)*(Sales!$K$2:$K$501)*(Sales!$J$2:$J$501)) -> 355.2
J7: Auburn | L7: =ROW(L7)-2 -> 5 | M7: Akron | N7: =AVERAGEIF(Sales!$E$2:$E$501,Выполнить!$M7,Sales!$J$2:$J$501) -> 323.83867 | O7: =SUMPRODUCT((Sales!$E$2:$E$501=Выполнить!$M7)*Sales!$K$2:$K$501) -> 7 | P7: =SUMPRODUCT((Sales!$E$2:$E$501=Выполнить!$M7)*(Sales!$K$2:$K$501)*(Sales!$J$2:$J$501)) -> 1964.776
J8: Aurora | L8: =ROW(L8)-2 -> 6 | M8: Aurora | N8: =AVERAGEIF(Sales!$E$2:$E$501,Выполнить!$M8,Sales!$J$2:$J$501) -> 126.046 | O8: =SUMPRODUCT((Sales!$E$2:$E$501=Выполнить!$M8)*Sales!$K$2:$K$501) -> 12 | P8: =SUMPRODUCT((Sales!$E$2:$E$501=Выполнить!$M8)*(Sales!$K$2:$K$501)*(Sales!$J$2:$J$501)) -> 1851.102
J9: Austin | L9: =ROW(L9)-2 -> 7 | M9: Urbandale | N9: =AVERAGEIF(Sales!$E$2:$E$501,Выполнить!$M9,Sales!$J$2:$J$501) -> 51.6 | O9: =SUMPRODUCT((Sales!$E$2:$E$501=Выполнить!$M9)*Sales!$K$2:$K$501) -> 8 | P9: =SUMPRODUCT((Sales!$E$2:$E$501=Выполнить!$M9)*(Sales!$K$2:$K$501)*(Sales!$J$2:$J$501)) -> 315.36
J10: Belleville | L10: =ROW(L10)-2 -> 8 | M10: West Jordan | N10: =AVERAGEIF(Sales!$E$2:$E$501,Выполнить!$M10,Sales!$J$2:$J$501) -> 55.5 | O10: =SUMPRODUCT((Sales!$E$2:$E$501=Выполнить!$M10)*Sales!$K$2:$K$501) -> 2 | P10: =SUMPRODUCT((Sales!$E$2:$E$501=Выполнить!$M10)*(Sales!$K$2:$K$501)*(Sales!$J$2:$J$501)) -> 111 | T10: FALSE
J11: Bloomington | L11: =ROW(L11)-2 -> 9 | M11: New York City | N11: =AVERAGEIF(Sales!$E$2:$E$501,Выполнить!$M11,Sales!$J$2:$J$501) -> 349.71623 | O11: =SUMPRODUCT((Sales!$E$2:$E$501=Выполнить!$M11)*Sales!$K$2:$K$501) -> 156 | P11: =SUMPRODUCT((Sales!$E$2:$E$501=Выполнить!$M11)*(Sales!$K$2:$K$501)*(Sales!$J$2:$J$501)) -> 53493.378
J12: Brentwood | L12: =ROW(L12)-2 -> 10 | M12: Aurora | N12: =AVERAGEIF(Sales!$E$2:$E$501,Выполнить!$M12,Sales!$J$2:$J$501) -> 126.046 | O12: =SUMPRODUCT((Sales!$E$2:$E$501=Выполнить!$M12)*Sales!$K$2:$K$501) -> 12 | P12: =SUMPRODUCT((Sales!$E$2:$E$501=Выполнить!$M12)*(Sales!$K$2:$K$501)*(Sales!$J$2:$J$501)) -> 1851.102 | T12: FALSE
J13: Bristol | L13: =ROW(L13)-2 -> 11 | M13: San Diego | N13: =AVERAGEIF(Sales!$E$2:$E$501,Выполнить!$M13,Sales!$J$2:$J$501) -> 1121.3567 | O13: =SUMPRODUCT((Sales!$E$2:$E$501=Выполнить!$M13)*Sales!$K$2:$K$501) -> 17 | P13: =SUMPRODUCT((Sales!$E$2:$E$501=Выполнить!$M13)*(Sales!$K$2:$K$501)*(Sales!$J$2:$J$501)) -> 43550.69
J14: Canton | L14: =ROW(L14)-2 -> 12 | M14: Chapel Hill | N14: =AVERAGEIF(Sales!$E$2:$E$501,Выполнить!$M14,Sales!$J$2:$J$501) -> 14.016 | O14: =SUMPRODUCT((Sales!$E$2:$E$501=Выполнить!$M14)*Sales!$K$2:$K$501) -> 3 | P14: =SUMPRODUCT((Sales!$E$2:$E$501=Выполнить!$M14)*(Sales!$K$2:$K$501)*(Sales!$J$2:$J$501)) -> 42.048 | T14: FALSE
J15: Carlsbad | L15: =ROW(L15)-2 -> 13 | M15: Gastonia | N15: =AVERAGEIF(Sales!$E$2:$E$501,Выполнить!$M15,Sales!$J$2:$J$501) -> 223.765 | O15: =SUMPRODUCT((Sales!$E$2:$E$501=Выполнить!$M15)*Sales!$K$2:$K$501) -> 16 | P15: =SUMPRODUCT((Sales!$E$2:$E$501=Выполнить!$M15)*(Sales!$K$2:$K$501)*(Sales!$J$2:$J$501)) -> 4709.72
J16: Chapel Hill | L16: =ROW(L16)-2 -> 14 | M16: Westland | N16: =AVERAGEIF(Sales!$E$2:$E$501,Выполнить!$M16,Sales!$J$2:$J$501) -> 211.96 | O16: =SUMPRODUCT((Sales!$E$2:$E$501=Выполнить!$M16)*Sales!$K$2:$K$501) -> 4 | P16: =SUMPRODUCT((Sales!$E$2:$E$501=Выполнить!$M16)*(Sales!$K$2:$K$501)*(Sales!$J$2:$J$501)) -> 847.84
J17: Charlotte | L17: =ROW(L17)-2 -> 15 | M17: Layton | N17: =AVERAGEIF(Sales!$E$2:$E$501,Выполнить!$M17,Sales!$J$2:$J$501) -> 4.96 | O17: =SUMPRODUCT((Sales!$E$2:$E$501=Выполнить!$M17)*Sales!$K$2:$K$501) -> 4 | P17: =SUMPRODUCT((Sales!$E$2:$E$501=Выполнить!$M17)*(Sales!$K$2:$K$501)*(Sales!$J$2:$J$501)) -> 19.84
J18: Chicago | L18: =ROW(L18)-2 -> 16 | M18: Whittier | N18: =AVERAGEIF(Sales!$E$2:$E$501,Выполнить!$M18,Sales!$J$2:$J$501) -> 444.768 | O18: =SUMPRODUCT((Sales!$E$2:$E$501=Выполнить!$M18)*Sales!$K$2:$K$501) -> 4 | P18: =SUMPRODUCT((Sales!$E$2:$E$501=Выполнить!$M18)*(Sales!$K$2:$K$501)*(Sales!$J$2:$J$501)) -> 1779.072
J19: Cincinnati | L19: =ROW(L19)-2 -> 17 | M19: Wilmington | N19: =AVERAGEIF(Sales!$E$2:$E$501,Выполнить!$M19,Sales!$J$2:$J$501) -> 87.762 | O19: =SUMPRODUCT((Sales!$E$2:$E$501=Выполнить!$M19)*Sales!$K$2:$K$501) -> 35 | P19: =SUMPRODUCT((Sales!$E$2:$E$501=Выполнить!$M19)*(Sales!$K$2:$K$501)*(Sales!$J$2:$J$501)) -> 3369.732
J20: Colorado Springs | L20: =ROW(L20)-2 -> 18 | M20: Amarillo | N20: =AVERAGEIF(Sales!$E$2:$E$501,Выполнить!$M20,Sales!$J$2:$J$501) -> 205.3328 | O20: =SUMPRODUCT((Sales!$E$2:$E$501=Выполнить!$M20)*Sales!$K$2:$K$501) -> 2 | P20: =SUMPRODUCT((Sales!$E$2:$E$501=Выполнить!$M20)*(Sales!$K$2:$K$501)*(Sales!$J$2:$J$501)) -> 410.6656
J21: Columbia | L21: =ROW(L21)-2 -> 19 | M21: Morristown | N21: =AVERAGEIF(Sales!$E$2:$E$501,Выполнить!$M21,Sales!$J$2:$J$501) -> 7.56 | O21: =SUMPRODUCT((Sales!$E$2:$E$501=Выполнить!$M21)*Sales!$K$2:$K$501) -> 6 | P21: =SUMPRODUCT((Sales!$E$2:$E$501=Выполнить!$M21)*(Sales!$K$2:$K$501)*(Sales!$J$2:$J$501)) -> 45.36
J22: Columbus | L22: =ROW(L22)-2 -> 20 | M22: Tamarac | N22: =AVERAGEIF(Sales!$E$2:$E$501,Выполнить!$M22,Sales!$J$2:$J$501) -> 470.022 | O22: =SUMPRODUCT((Sales!$E$2:$E$501=Выполнить!$M22)*Sales!$K$2:$K$501) -> 14 | P22: =SUMPRODUCT((Sales!$E$2:$E$501=Выполнить!$M22)*(Sales!$K$2:$K$501)*(Sales!$J$2:$J$501)) -> 6974.862
J23: Concord
J24: Costa Mesa
J25: Dallas
J26: Decatur
J27: Denver
J28: Des Moines
J29: Detroit
J30: Dover
J31: Dublin
J32: Durham
J33: Eagan
J34: Edmond
... J119: Wilmington

Sheet Sales
A1: Order ID | B1: Year | C1: Order Date | D1: Customer ID | E1: City | F1: Region | G1: Manager | H1: Product ID | I1: Category | J1: Sales Price | K1: Quantity
A2: CA-2016-152156 | B2: 2023 | C2: 45238 | D2: CG-12520 | E2: Henderson | F2: South | G2: Cassandra Brandow | H2: FUR-BO-10001798 | I2: Furniture | J2: 261.96 | K2: 2 | L2: =J2*K2 -> 523.92
A3: CA-2016-152156 | B3: 2023 | C3: 45238 | D3: CG-12520 | E3: Henderson | F3: South | G3: Cassandra Brandow | H3: FUR-CH-10000454 | I3: Furniture | J3: 731.94 | K3: 3 | L3: =J3*K3 -> 2195.82
A4: CA-2016-138688 | B4: 2023 | C4: 45089 | D4: DV-13045 | E4: Los Angeles | F4: West | G4: Anna Andreadi | H4: OFF-LA-10000240 | I4: Office Supplies | J4: 14.62 | K4: 2 | L4: =J4*K4 -> 29.24
A5: US-2015-108966 | B5: 2022 | C5: 44845 | D5: SO-20335 | E5: Fort Lauderdale | F5: South | G5: Cassandra Brandow | H5: FUR-TA-10000577 | I5: Furniture | J5: 957.5775 | K5: 5 | L5: =J5*K5 -> 4787.8875
A6: US-2015-108966 | B6: 2022 | C6: 44845 | D6: SO-20335 | E6: Fort Lauderdale | F6: South | G6: Cassandra Brandow | H6: OFF-ST-10000760 | I6: Office Supplies | J6: 22.368 | K6: 2 | L6: =J6*K6 -> 44.736
A7: CA-2014-115812 | B7: 2022 | C7: 44721 | D7: BH-11710 | E7: Los Angeles | F7: West | G7: Anna Andreadi | H7: FUR-FU-10001487 | I7: Furniture | J7: 48.86 | K7: 7 | L7: =J7*K7 -> 342.02
A8: CA-2014-115812 | B8: 2022 | C8: 44721 | D8: BH-11710 | E8: Los Angeles | F8: West | G8: Anna Andreadi | H8: OFF-AR-10002833 | I8: Office Supplies | J8: 7.28 | K8: 4 | L8: =J8*K8 -> 29.12
A9: CA-2014-115812 | B9: 2022 | C9: 44721 | D9: BH-11710 | E9: Los Angeles | F9: West | G9: Anna Andreadi | H9: TEC-PH-10002275 | I9: Technology | J9: 907.152 | K9: 6 | L9: =J9*K9 -> 5442.912
A10: CA-2014-115812 | B10: 2022 | C10: 44721 | D10: BH-11710 | E10: Los Angeles | F10: West | G10: Anna Andreadi | H10: OFF-BI-10003910 | I10: Office Supplies | J10: 18.504 | K10: 3 | L10: =J10*K10 -> 55.512
A11: CA-2014-115812 | B11: 2022 | C11: 44721 | D11: BH-11710 | E11: Los Angeles | F11: West | G11: Anna Andreadi | H11: OFF-AP-10002892 | I11: Office Supplies | J11: 114.9 | K11: 5 | L11: =J11*K11 -> 574.5
A12: CA-2014-115812 | B12: 2022 | C12: 44721 | D12: BH-11710 | E12: Los Angeles | F12: West | G12: Anna Andreadi | H12: FUR-TA-10001539 | I12: Furniture | J12: 1706.184 | K12: 9 | L12: =J12*K12 -> 15355.656
A13: CA-2014-115812 | B13: 2022 | C13: 44721 | D13: BH-11710 | E13: Los Angeles | F13: West | G13: Anna Andreadi | H13: TEC-PH-10002033 | I13: Technology | J13: 911.424 | K13: 4 | L13: =J13*K13 -> 3645.696
... A501: CA-2016-126158 | B501: 2023 | C501: 45132 | D501: SC-20095 | E501: Costa Mesa | F501: West | G501: Anna Andreadi | H501: FUR-FU-10000073 | I501: Furniture | J501: 69.3 | K501: 9 | L501: =J501*K501 -> 623.7
L502: =J502*K502 -> 0
J504: =AVERAGE(J311:J314) -> 125.85

Sheet Справка
D7: Использование условного форматирования для выделения сведений в Excel из официального источника
D9: https://excalidraw.com/
